case_category,case_rank,key,chunk_idx,start_sec,end_sec,sb_sim_target_enroll,sb_sim_target_ref,sb_sim_interferer,sb_gap_enroll_vs_interferer,sb_gap_targetref_vs_interferer,sb_mismatch_enroll,sb_mismatch_targetref,ecapa_speaker_mismatch_rate,ecapa_speaker_gap_mean,sisnr_i
waveform_global_failure,1,5683-32865-0009_1580-141084-0000__T1__5683-5683-32865-0009__SIM__237-237-134493-0017,0,0.0,1.0,0.9934921658117485,0.9925268098376132,0.995885113580318,-0.0023929477685694645,-0.003358303742704738,True,True,0.9411764705882353,-0.12606586125334604,-115.38809656224366
waveform_global_failure,1,5683-32865-0009_1580-141084-0000__T1__5683-5683-32865-0009__SIM__237-237-134493-0017,1,0.5,1.5,0.9930237333057241,0.9921865274133903,0.9958512583880287,-0.0028275250823045495,-0.003664730974638375,True,True,0.9411764705882353,-0.12606586125334604,-115.38809656224366
waveform_global_failure,1,5683-32865-0009_1580-141084-0000__T1__5683-5683-32865-0009__SIM__237-237-134493-0017,2,1.0,2.0,0.9937206307985001,0.9932509470116122,0.9960478345025664,-0.0023272037040662497,-0.002796887490954192,True,True,0.9411764705882353,-0.12606586125334604,-115.38809656224366
waveform_global_failure,1,5683-32865-0009_1580-141084-0000__T1__5683-5683-32865-0009__SIM__237-237-134493-0017,3,1.5,2.5,0.9930048386337083,0.9928059387956684,0.9950781265561097,-0.0020732879224014678,-0.0022721877604413576,True,True,0.9411764705882353,-0.12606586125334604,-115.38809656224366
waveform_global_failure,1,5683-32865-0009_1580-141084-0000__T1__5683-5683-32865-0009__SIM__237-237-134493-0017,4,2.0,3.0,0.9928856289224924,0.9921448036996572,0.9950880206341681,-0.0022023917116756886,-0.0029432169345109394,True,True,0.9411764705882353,-0.12606586125334604,-115.38809656224366
waveform_global_failure,1,5683-32865-0009_1580-141084-0000__T1__5683-5683-32865-0009__SIM__237-237-134493-0017,5,2.5,3.5,0.9922976886831428,0.991249840029598,0.995271602947347,-0.002973914264204125,-0.004021762917748917,True,True,0.9411764705882353,-0.12606586125334604,-115.38809656224366
waveform_global_failure,1,5683-32865-0009_1580-141084-0000__T1__5683-5683-32865-0009__SIM__237-237-134493-0017,6,3.0,4.0,0.9924986760003989,0.9917797853740654,0.9954105416533737,-0.0029118656529748543,-0.0036307562793083115,True,True,0.9411764705882353,-0.12606586125334604,-115.38809656224366
waveform_global_failure,1,5683-32865-0009_1580-141084-0000__T1__5683-5683-32865-0009__SIM__237-237-134493-0017,7,3.5,4.5,0.9922272960581642,0.9918013622524704,0.9948329726570516,-0.002605676598887441,-0.0030316104045812198,True,True,0.9411764705882353,-0.12606586125334604,-115.38809656224366
waveform_global_failure,1,5683-32865-0009_1580-141084-0000__T1__5683-5683-32865-0009__SIM__237-237-134493-0017,8,4.0,5.0,0.9928230444707792,0.9924160648684667,0.9953313866866952,-0.002508342215916004,-0.0029153218182285112,True,True,0.9411764705882353,-0.12606586125334604,-115.38809656224366
waveform_global_failure,1,5683-32865-0009_1580-141084-0000__T1__5683-5683-32865-0009__SIM__237-237-134493-0017,9,4.5,5.5,0.9936588803877479,0.9932253170179267,0.995533804056304,-0.0018749236685561277,-0.0023084870383772715,True,True,0.9411764705882353,-0.12606586125334604,-115.38809656224366
waveform_global_failure,1,5683-32865-0009_1580-141084-0000__T1__5683-5683-32865-0009__SIM__237-237-134493-0017,10,5.0,6.0,0.9941534793717226,0.9933573408917994,0.9963217176205893,-0.002168238248866694,-0.002964376728789908,True,True,0.9411764705882353,-0.12606586125334604,-115.38809656224366
waveform_global_failure,1,5683-32865-0009_1580-141084-0000__T1__5683-5683-32865-0009__SIM__237-237-134493-0017,11,5.5,6.5,0.9936506545684831,0.9929188891597345,0.996456126099881,-0.002805471531397874,-0.0035372369401465154,True,True,0.9411764705882353,-0.12606586125334604,-115.38809656224366
waveform_global_failure,1,5683-32865-0009_1580-141084-0000__T1__5683-5683-32865-0009__SIM__237-237-134493-0017,12,6.0,7.0,0.9924684564461022,0.9918514897517482,0.9954031506775695,-0.0029346942314673052,-0.003551660925821265,True,True,0.9411764705882353,-0.12606586125334604,-115.38809656224366
waveform_global_failure,1,5683-32865-0009_1580-141084-0000__T1__5683-5683-32865-0009__SIM__237-237-134493-0017,13,6.5,7.5,0.9934358990248521,0.9927603408172531,0.9956530130843704,-0.002217114059518299,-0.0028926722671173133,True,True,0.9411764705882353,-0.12606586125334604,-115.38809656224366
waveform_global_failure,1,5683-32865-0009_1580-141084-0000__T1__5683-5683-32865-0009__SIM__237-237-134493-0017,14,7.0,8.0,0.9924907481352164,0.9916209385184284,0.994976679153318,-0.0024859310181015726,-0.003355740634889637,True,True,0.9411764705882353,-0.12606586125334604,-115.38809656224366
waveform_global_failure,1,5683-32865-0009_1580-141084-0000__T1__5683-5683-32865-0009__SIM__237-237-134493-0017,15,7.5,8.5,0.9924253026841479,0.9920143892232423,0.994874397884342,-0.0024490952001940958,-0.0028600086610997,True,True,0.9411764705882353,-0.12606586125334604,-115.38809656224366
waveform_global_failure,1,5683-32865-0009_1580-141084-0000__T1__5683-5683-32865-0009__SIM__237-237-134493-0017,16,8.0,9.0,0.9920304219204086,0.9912629535711658,0.993845800550025,-0.0018153786296164487,-0.0025828469788592434,True,True,0.9411764705882353,-0.12606586125334604,-115.38809656224366
waveform_global_failure,2,2094-142345-0039_5683-32865-0009__T2__5683-5683-32865-0009__SIM__237-237-134493-0017,0,0.0,1.0,0.9934922854089325,0.992526988206101,0.9958852330348712,-0.0023929476259386684,-0.0033582448287702293,True,True,0.9411764705882353,-0.12506732718505978,-115.38755318725414
waveform_global_failure,2,2094-142345-0039_5683-32865-0009__T2__5683-5683-32865-0009__SIM__237-237-134493-0017,1,0.5,1.5,0.9930238525150114,0.9921865860865968,0.9958513179926722,-0.0028274654776608843,-0.0036647319060754135,True,True,0.9411764705882353,-0.12506732718505978,-115.38755318725414
waveform_global_failure,2,2094-142345-0039_5683-32865-0009__T2__5683-5683-32865-0009__SIM__237-237-134493-0017,2,1.0,2.0,0.993720690028868,0.9932510650140833,0.9960479534762936,-0.0023272634474256204,-0.0027968884622102674,True,True,0.9411764705882353,-0.12506732718505978,-115.38755318725414
waveform_global_failure,2,2094-142345-0039_5683-32865-0009__T2__5683-5683-32865-0009__SIM__237-237-134493-0017,3,1.5,2.5,0.9930048982383518,0.9928059379380708,0.9950781265561097,-0.0020732283177579136,-0.002272188618038906,True,True,0.9411764705882353,-0.12506732718505978,-115.38755318725414
waveform_global_failure,2,2094-142345-0039_5683-32865-0009__T2__5683-5683-32865-0009__SIM__237-237-134493-0017,4,2.0,3.0,0.9928858077364339,0.9921449815771803,0.9950880802388152,-0.002202272502381364,-0.002943098661634891,True,True,0.9411764705882353,-0.12506732718505978,-115.38755318725414
waveform_global_failure,2,2094-142345-0039_5683-32865-0009__T2__5683-5683-32865-0009__SIM__237-237-134493-0017,5,2.5,3.5,0.992297689142236,0.9912498991126852,0.9952717820431118,-0.002974092900875802,-0.004021882930426601,True,True,0.9411764705882353,-0.12506732718505978,-115.38755318725414
waveform_global_failure,2,2094-142345-0039_5683-32865-0009__T2__5683-5683-32865-0009__SIM__237-237-134493-0017,6,3.0,4.0,0.9924987351579326,0.9917799627181194,0.9954106009844682,-0.0029118658265355757,-0.0036306382663487957,True,True,0.9411764705882353,-0.12506732718505978,-115.38755318725414
waveform_global_failure,2,2094-142345-0039_5683-32865-0009__T2__5683-5683-32865-0009__SIM__237-237-134493-0017,7,3.5,4.5,0.9922277728953128,0.9918017189029794,0.994833211075626,-0.0026054381803131133,-0.0030314921726465327,True,True,0.9411764705882353,-0.12506732718505978,-115.38755318725414
waveform_global_failure,2,2094-142345-0039_5683-32865-0009__T2__5683-5683-32865-0009__SIM__237-237-134493-0017,8,4.0,5.0,0.99282322328471,0.9924161235690361,0.9953315058959823,-0.002508282611272339,-0.0029153823269462142,True,True,0.9411764705882353,-0.12506732718505978,-115.38755318725414
waveform_global_failure,2,2094-142345-0039_5683-32865-0009__T2__5683-5683-32865-0009__SIM__237-237-134493-0017,9,4.5,5.5,0.9936592380156093,0.9932256738381844,0.9955340424748783,-0.0018748044592690194,-0.002308368636693925,True,True,0.9411764705882353,-0.12506732718505978,-115.38755318725414
waveform_global_failure,2,2094-142345-0039_5683-32865-0009__T2__5683-5683-32865-0009__SIM__237-237-134493-0017,10,5.0,6.0,0.9941535989294892,0.9933574597051471,0.996321658235188,-0.002168059305698855,-0.002964198530040929,True,True,0.9411764705882353,-0.12506732718505978,-115.38755318725414
waveform_global_failure,2,2094-142345-0039_5683-32865-0009__T2__5683-5683-32865-0009__SIM__237-237-134493-0017,11,5.5,6.5,0.9936506549469333,0.9929188291330175,0.9964562455203991,-0.002805590573465855,-0.0035374163873815867,True,True,0.9411764705882353,-0.12506732718505978,-115.38755318725414
waveform_global_failure,2,2094-142345-0039_5683-32865-0009__T2__5683-5683-32865-0009__SIM__237-237-134493-0017,12,6.0,7.0,0.9924687540204232,0.9918518459225655,0.9954033292175176,-0.002934575197094391,-0.00355148329495214,True,True,0.9411764705882353,-0.12506732718505978,-115.38755318725414
waveform_global_failure,2,2094-142345-0039_5683-32865-0009__T2__5683-5683-32865-0009__SIM__237-237-134493-0017,13,6.5,7.5,0.9934361374434406,0.9927604591635069,0.9956531322936646,-0.0022169948502239745,-0.00289267313015773,True,True,0.9411764705882353,-0.12506732718505978,-115.38755318725414
waveform_global_failure,2,2094-142345-0039_5683-32865-0009__T2__5683-5683-32865-0009__SIM__237-237-134493-0017,14,7.0,8.0,0.9924908677920895,0.9916209976236349,0.9949767390573745,-0.002485871265284989,-0.003355741433739623,True,True,0.9411764705882353,-0.12506732718505978,-115.38755318725414
waveform_global_failure,2,2094-142345-0039_5683-32865-0009__T2__5683-5683-32865-0009__SIM__237-237-134493-0017,15,7.5,8.5,0.9924253026841479,0.9920142690619974,0.9948744574889856,-0.002449154804837761,-0.0028601884269882083,True,True,0.9411764705882353,-0.12506732718505978,-115.38755318725414
waveform_global_failure,2,2094-142345-0039_5683-32865-0009__T2__5683-5683-32865-0009__SIM__237-237-134493-0017,16,8.0,9.0,0.9920306002593263,0.9912630712181559,0.9938459789971479,-0.0018153787378215602,-0.0025829077789919497,True,True,0.9411764705882353,-0.12506732718505978,-115.38755318725414
waveform_global_failure,3,7021-79740-0007_8555-284447-0018__T2__8555-8555-284447-0018__SIM__4970-4970-29095-0032,0,0.0,1.0,0.9931539098473101,0.9934341112767952,0.9942365089887135,-0.0010825991414034064,-0.0008023977119183678,True,True,0.8888888888888888,-0.057937227853472696,-65.88130628997902
waveform_global_failure,3,7021-79740-0007_8555-284447-0018__T2__8555-8555-284447-0018__SIM__4970-4970-29095-0032,1,0.5,1.5,0.9940779602838012,0.9941612279758503,0.9951845801625284,-0.0011066198787271775,-0.0010233521866781503,True,True,0.8888888888888888,-0.057937227853472696,-65.88130628997902
waveform_global_failure,3,7021-79740-0007_8555-284447-0018__T2__8555-8555-284447-0018__SIM__4970-4970-29095-0032,2,1.0,2.0,0.9944166938262659,0.9941803018098145,0.9949735800112646,-0.0005568861849987172,-0.0007932782014500317,True,True,0.8888888888888888,-0.057937227853472696,-65.88130628997902
waveform_global_failure,3,7021-79740-0007_8555-284447-0018__T2__8555-8555-284447-0018__SIM__4970-4970-29095-0032,3,1.5,2.5,0.9938463965964609,0.9945798913403969,0.9952195683753329,-0.0013731717788719733,-0.0006396770349359482,True,True,0.8888888888888888,-0.057937227853472696,-65.88130628997902
waveform_global_failure,3,7021-79740-0007_8555-284447-0018__T2__8555-8555-284447-0018__SIM__4970-4970-29095-0032,4,2.0,3.0,0.9934839407588308,0.994316677234333,0.9956536093899064,-0.002169668631075594,-0.0013369321555734004,True,True,0.8888888888888888,-0.057937227853472696,-65.88130628997902
waveform_global_failure,3,7021-79740-0007_8555-284447-0018__T2__8555-8555-284447-0018__SIM__4970-4970-29095-0032,5,2.5,3.5,0.9938943187299019,0.9939049879611033,0.9955611029830652,-0.0016667842531633559,-0.0016561150219619458,True,True,0.8888888888888888,-0.057937227853472696,-65.88130628997902
waveform_global_failure,3,7021-79740-0007_8555-284447-0018__T2__8555-8555-284447-0018__SIM__4970-4970-29095-0032,6,3.0,4.0,0.9944356481029254,0.9942067066669219,0.9950120846110194,-0.0005764365080940248,-0.0008053779440975184,True,True,0.8888888888888888,-0.057937227853472696,-65.88130628997902
waveform_global_failure,3,7021-79740-0007_8555-284447-0018__T2__8555-8555-284447-0018__SIM__4970-4970-29095-0032,7,3.5,4.5,0.9937137166598444,0.9939451018862347,0.9948334494942003,-0.0011197328343558466,-0.0008883476079655228,True,True,0.8888888888888888,-0.057937227853472696,-65.88130628997902
waveform_global_failure,3,7021-79740-0007_8555-284447-0018__T2__8555-8555-284447-0018__SIM__4970-4970-29095-0032,8,4.0,5.0,0.9939093391000848,0.9940159718074554,0.994875113140065,-0.0009657740399802162,-0.0008591413326096697,True,True,0.8888888888888888,-0.057937227853472696,-65.88130628997902
waveform_global_failure,4,61-70968-0013_8555-284449-0003__T2__8555-8555-284449-0003__SIM__4970-4970-29095-0029,0,0.0,1.0,0.9935741225845723,0.9934100902126423,0.9940072695294921,-0.00043314694491980443,-0.0005971793168498829,True,True,0.8333333333333334,-0.05075326394271316,-62.5584169274936
waveform_global_failure,4,61-70968-0013_8555-284449-0003__T2__8555-8555-284449-0003__SIM__4970-4970-29095-0029,1,0.5,1.5,0.9938783446854215,0.9935661947834914,0.9943487445325809,-0.0004703998471594639,-0.0007825497490895339,True,True,0.8333333333333334,-0.05075326394271316,-62.5584169274936
waveform_global_failure,4,61-70968-0013_8555-284449-0003__T2__8555-8555-284449-0003__SIM__4970-4970-29095-0029,2,1.0,2.0,0.994127015258451,0.9929205572457142,0.9942017594815045,-7.474422305342454e-05,-0.001281202235790313,True,True,0.8333333333333334,-0.05075326394271316,-62.5584169274936
waveform_global_failure,4,61-70968-0013_8555-284449-0003__T2__8555-8555-284449-0003__SIM__4970-4970-29095-0029,3,1.5,2.5,0.9924717347014993,0.9917698299281064,0.9933286706622964,-0.0008569359607970561,-0.0015588407341899924,True,True,0.8333333333333334,-0.05075326394271316,-62.5584169274936
waveform_global_failure,4,61-70968-0013_8555-284449-0003__T2__8555-8555-284449-0003__SIM__4970-4970-29095-0029,4,2.0,3.0,0.9929391543164795,0.9927459156296057,0.9936727086650591,-0.0007335543485795792,-0.0009267930354533993,True,True,0.8333333333333334,-0.05075326394271316,-62.5584169274936
waveform_global_failure,4,61-70968-0013_8555-284449-0003__T2__8555-8555-284449-0003__SIM__4970-4970-29095-0029,5,2.5,3.5,0.993639687692514,0.9925249015980253,0.9933143655478364,0.00032532214467762,-0.0007894639498110534,False,True,0.8333333333333334,-0.05075326394271316,-62.5584169274936
waveform_global_failure,5,8555-284447-0006_1320-122617-0024__T1__8555-8555-284447-0006__SIM__4970-4970-29095-0025,0,0.0,1.0,0.9942559990224243,0.9934379851875019,0.9948262367155634,-0.0005702376931390196,-0.001388251528061435,True,True,0.16666666666666666,0.025298628149460867,-61.63135893189921
waveform_global_failure,5,8555-284447-0006_1320-122617-0024__T1__8555-8555-284447-0006__SIM__4970-4970-29095-0025,1,0.5,1.5,0.9939022457840443,0.993194262191016,0.9941735065331603,-0.00027126074911598685,-0.0009792443421442476,True,True,0.16666666666666666,0.025298628149460867,-61.63135893189921
waveform_global_failure,5,8555-284447-0006_1320-122617-0024__T1__8555-8555-284447-0006__SIM__4970-4970-29095-0025,2,1.0,2.0,0.9930661713986675,0.992039362616946,0.9937693870255782,-0.0007032156269106693,-0.0017300244086321248,True,True,0.16666666666666666,0.025298628149460867,-61.63135893189921
waveform_global_failure,5,8555-284447-0006_1320-122617-0024__T1__8555-8555-284447-0006__SIM__4970-4970-29095-0025,3,1.5,2.5,0.9917037879790797,0.990810374470902,0.993210176226148,-0.001506388247068391,-0.0023998017552460116,True,True,0.16666666666666666,0.025298628149460867,-61.63135893189921
waveform_global_failure,5,8555-284447-0006_1320-122617-0024__T1__8555-8555-284447-0006__SIM__4970-4970-29095-0025,4,2.0,3.0,0.9926761781924566,0.9919205705622846,0.9941562211854909,-0.0014800429930342807,-0.002235650623206298,True,True,0.16666666666666666,0.025298628149460867,-61.63135893189921
waveform_global_failure,5,8555-284447-0006_1320-122617-0024__T1__8555-8555-284447-0006__SIM__4970-4970-29095-0025,5,2.5,3.5,0.9936138781205547,0.9927428161879546,0.9937926324679702,-0.00017875434741554397,-0.0010498162800156585,True,True,0.16666666666666666,0.025298628149460867,-61.63135893189921
true_local_swap,1,8455-210777-0053_2830-3980-0009__T2__2830-2830-3980-0009__SIM__1188-1188-133604-0014,0,0.0,1.0,0.9938360846257233,0.9937737977694662,0.9939595854545891,-0.00012350082886580793,-0.00018578768512289567,True,True,1.0,-0.12831676023473096,-56.2882310729261
true_local_swap,1,8455-210777-0053_2830-3980-0009__T2__2830-2830-3980-0009__SIM__1188-1188-133604-0014,1,0.5,1.5,0.992490808187446,0.9924580256334751,0.9943578640430492,-0.0018670558556032057,-0.001899838409574084,True,True,1.0,-0.12831676023473096,-56.2882310729261
true_local_swap,1,8455-210777-0053_2830-3980-0009__T2__2830-2830-3980-0009__SIM__1188-1188-133604-0014,2,1.0,2.0,0.9929953614953785,0.992678324396159,0.9942885438425617,-0.0012931823471832304,-0.0016102194464027164,True,True,1.0,-0.12831676023473096,-56.2882310729261
true_local_swap,1,8455-210777-0053_2830-3980-0009__T2__2830-2830-3980-0009__SIM__1188-1188-133604-0014,3,1.5,2.5,0.9949844280563968,0.9946332971010475,0.9959003726143413,-0.0009159445579445258,-0.0012670755132937472,True,True,1.0,-0.12831676023473096,-56.2882310729261
true_local_swap,1,8455-210777-0053_2830-3980-0009__T2__2830-2830-3980-0009__SIM__1188-1188-133604-0014,4,2.0,3.0,0.993644038452651,0.9934188520957712,0.9949032462280465,-0.0012592077753954545,-0.0014843941322753018,True,True,1.0,-0.12831676023473096,-56.2882310729261
true_local_swap,1,8455-210777-0053_2830-3980-0009__T2__2830-2830-3980-0009__SIM__1188-1188-133604-0014,5,2.5,3.5,0.9929858843570488,0.9930795828567618,0.9947452942263406,-0.0017594098692917948,-0.0016657113695788262,True,True,1.0,-0.12831676023473096,-56.2882310729261
true_local_swap,2,8463-287645-0013_5142-33396-0037__T1__8463-8463-287645-0013__SIM__4992-4992-41797-0000,0,0.0,1.0,0.9896907006267079,0.9908594285477509,0.9938354889466852,-0.004144788319977222,-0.002976060398934277,True,True,1.0,-0.09290942460519472,-54.49157849201988
true_local_swap,2,8463-287645-0013_5142-33396-0037__T1__8463-8463-287645-0013__SIM__4992-4992-41797-0000,1,0.5,1.5,0.991042653233047,0.9917310869074679,0.9945102731166916,-0.003467619883644635,-0.002779186209223683,True,True,1.0,-0.09290942460519472,-54.49157849201988
true_local_swap,2,8463-287645-0013_5142-33396-0037__T1__8463-8463-287645-0013__SIM__4992-4992-41797-0000,2,1.0,2.0,0.9928793700101176,0.9930176527997154,0.9958133495851662,-0.0029339795750485953,-0.002795696785450774,True,True,1.0,-0.09290942460519472,-54.49157849201988
true_local_swap,2,8463-287645-0013_5142-33396-0037__T1__8463-8463-287645-0013__SIM__4992-4992-41797-0000,3,1.5,2.5,0.9922698528521746,0.9931206496361056,0.9952084220213828,-0.002938569169208205,-0.0020877723852772423,True,True,1.0,-0.09290942460519472,-54.49157849201988
true_local_swap,2,8463-287645-0013_5142-33396-0037__T1__8463-8463-287645-0013__SIM__4992-4992-41797-0000,4,2.0,3.0,0.9903126155149251,0.9918803369438965,0.9942589799393444,-0.003946364424419313,-0.002378642995447877,True,True,1.0,-0.09290942460519472,-54.49157849201988
true_local_swap,2,8463-287645-0013_5142-33396-0037__T1__8463-8463-287645-0013__SIM__4992-4992-41797-0000,5,2.5,3.5,0.9920213019343732,0.9930862581647523,0.9947954217315941,-0.002774119797220864,-0.0017091635668418093,True,True,1.0,-0.09290942460519472,-54.49157849201988
true_local_swap,2,8463-287645-0013_5142-33396-0037__T1__8463-8463-287645-0013__SIM__4992-4992-41797-0000,6,3.0,4.0,0.9917717372768147,0.9925363456902755,0.9946642915157109,-0.0028925542388962278,-0.0021279458254354067,True,True,1.0,-0.09290942460519472,-54.49157849201988
true_local_swap,2,8463-287645-0013_5142-33396-0037__T1__8463-8463-287645-0013__SIM__4992-4992-41797-0000,7,3.5,4.5,0.9921664392501494,0.992769280651283,0.99491445220483,-0.0027480129546806342,-0.0021451715535469873,True,True,1.0,-0.09290942460519472,-54.49157849201988
true_local_swap,2,8463-287645-0013_5142-33396-0037__T1__8463-8463-287645-0013__SIM__4992-4992-41797-0000,8,4.0,5.0,0.9923504984005054,0.9928622639008151,0.9945928255480545,-0.002242327147549128,-0.0017305616472393925,True,True,1.0,-0.09290942460519472,-54.49157849201988
true_local_swap,3,4970-29095-0037_4446-2273-0008__T2__4446-4446-2273-0008__SIM__4992-4992-23283-0015,0,0.0,1.0,0.9960148135300212,0.9923381010905855,0.9964881340047163,-0.00047332047469506033,-0.004150032914130741,True,True,1.0,-0.07794783004846195,-53.447947283960815
true_local_swap,3,4970-29095-0037_4446-2273-0008__T2__4446-4446-2273-0008__SIM__4992-4992-23283-0015,1,0.5,1.5,0.9953696528678756,0.9926331440763229,0.9958251515541392,-0.00045549868626360013,-0.0031920074778163388,True,True,1.0,-0.07794783004846195,-53.447947283960815
true_local_swap,3,4970-29095-0037_4446-2273-0008__T2__4446-4446-2273-0008__SIM__4992-4992-23283-0015,2,1.0,2.0,0.9954962528624026,0.9923328554249531,0.9957390821948348,-0.00024282933243213733,-0.0034062267698816706,True,True,1.0,-0.07794783004846195,-53.447947283960815
true_local_swap,3,4970-29095-0037_4446-2273-0008__T2__4446-4446-2273-0008__SIM__4992-4992-23283-0015,3,1.5,2.5,0.9958423176914911,0.9920211832006531,0.9953172007815223,0.0005251169099688147,-0.0032960175808691705,False,True,1.0,-0.07794783004846195,-53.447947283960815
true_local_swap,3,4970-29095-0037_4446-2273-0008__T2__4446-4446-2273-0008__SIM__4992-4992-23283-0015,4,2.0,3.0,0.9952492514878374,0.9923294584172659,0.9963320890478151,-0.001082837559977734,-0.0040026306305491755,True,True,1.0,-0.07794783004846195,-53.447947283960815
true_local_swap,3,4970-29095-0037_4446-2273-0008__T2__4446-4446-2273-0008__SIM__4992-4992-23283-0015,5,2.5,3.5,0.9948444763532632,0.9909568826848297,0.9954424301376908,-0.0005979537844276184,-0.004485547452861116,True,True,1.0,-0.07794783004846195,-53.447947283960815
true_local_swap,4,8555-284447-0006_908-31957-0021__T1__8555-8555-284447-0006__SIM__4970-4970-29095-0029,0,0.0,1.0,0.9937152067759341,0.9944277802899724,0.9942058718565551,-0.0004906650806210111,0.00022190843341729494,True,False,1.0,-0.056229627298348905,-51.30506325724568
true_local_swap,4,8555-284447-0006_908-31957-0021__T1__8555-8555-284447-0006__SIM__4970-4970-29095-0029,1,0.5,1.5,0.9937709963510508,0.9941406643725883,0.994188288139242,-0.0004172917881911653,-4.762376665368162e-05,True,True,1.0,-0.056229627298348905,-51.30506325724568
true_local_swap,4,8555-284447-0006_908-31957-0021__T1__8555-8555-284447-0006__SIM__4970-4970-29095-0029,2,1.0,2.0,0.9939854542299407,0.9935925404194396,0.994174698626103,-0.00018924439616230249,-0.0005821582066634079,True,True,1.0,-0.056229627298348905,-51.30506325724568
true_local_swap,4,8555-284447-0006_908-31957-0021__T1__8555-8555-284447-0006__SIM__4970-4970-29095-0029,3,1.5,2.5,0.9926745693036132,0.9925987521969752,0.9934850132540922,-0.0008104439504790228,-0.0008862610571169771,True,True,1.0,-0.056229627298348905,-51.30506325724568
true_local_swap,4,8555-284447-0006_908-31957-0021__T1__8555-8555-284447-0006__SIM__4970-4970-29095-0029,4,2.0,3.0,0.9929550687563162,0.9934752384808677,0.9935253656002033,-0.000570296843887097,-5.012711933560787e-05,True,True,1.0,-0.056229627298348905,-51.30506325724568
true_local_swap,4,8555-284447-0006_908-31957-0021__T1__8555-8555-284447-0006__SIM__4970-4970-29095-0029,5,2.5,3.5,0.9936325947399276,0.9938796559875803,0.9934797680451443,0.00015282669478333677,0.0003998879424360613,False,False,1.0,-0.056229627298348905,-51.30506325724568
true_local_swap,5,3729-6852-0046_672-122797-0044__T2__672-672-122797-0044__SIM__260-260-123440-0017,0,0.0,1.0,0.9945127169070785,0.9952204028403431,0.9961896935542947,-0.0016769766472161107,-0.0009692907139515761,True,True,1.0,-0.0653854618689744,-51.2836867190805
true_local_swap,5,3729-6852-0046_672-122797-0044__T2__672-672-122797-0044__SIM__260-260-123440-0017,1,0.5,1.5,0.9939180410155353,0.9957493937987892,0.9958377278858448,-0.0019196868703095227,-8.833408705555268e-05,True,True,1.0,-0.0653854618689744,-51.2836867190805
true_local_swap,5,3729-6852-0046_672-122797-0044__T2__672-672-122797-0044__SIM__260-260-123440-0017,2,1.0,2.0,0.993500272043759,0.9951159156090278,0.9955626524393122,-0.002062380395553176,-0.0004467368302843999,True,True,1.0,-0.0653854618689744,-51.2836867190805
true_local_swap,5,3729-6852-0046_672-122797-0044__T2__672-672-122797-0044__SIM__260-260-123440-0017,3,1.5,2.5,0.994295815609079,0.9948791066511851,0.9954255024189131,-0.0011296868098341628,-0.0005463957677280806,True,True,1.0,-0.0653854618689744,-51.2836867190805
true_local_swap,5,3729-6852-0046_672-122797-0044__T2__672-672-122797-0044__SIM__260-260-123440-0017,4,2.0,3.0,0.9936144153236347,0.9944174686866324,0.9956945577800482,-0.002080142456413525,-0.0012770890934158396,True,True,1.0,-0.0653854618689744,-51.2836867190805
local_identity_ambiguity,1,1284-1180-0031_8230-279154-0021__T1__1284-1284-1180-0031__SIM__4446-4446-2275-0031,0,0.0,1.0,0.9934491912516218,0.9950797358814865,0.993198314901368,0.0002508763502537814,0.0018814209801184534,False,False,1.0,-0.057292054564539494,20.60857053792841
local_identity_ambiguity,1,1284-1180-0031_8230-279154-0021__T1__1284-1284-1180-0031__SIM__4446-4446-2275-0031,1,0.5,1.5,0.9931092659692662,0.9949283996914284,0.9927928840915489,0.00031638187771731996,0.002135515599879567,False,False,1.0,-0.057292054564539494,20.60857053792841
local_identity_ambiguity,1,1284-1180-0031_8230-279154-0021__T1__1284-1284-1180-0031__SIM__4446-4446-2275-0031,2,1.0,2.0,0.9945885340137165,0.9959772626045638,0.9938602841124605,0.0007282499012559729,0.0021169784921032386,False,False,1.0,-0.057292054564539494,20.60857053792841
local_identity_ambiguity,1,1284-1180-0031_8230-279154-0021__T1__1284-1284-1180-0031__SIM__4446-4446-2275-0031,3,1.5,2.5,0.9937300483321863,0.9952428141863303,0.9931908047158289,0.0005392436163573766,0.002052009470501437,False,False,1.0,-0.057292054564539494,20.60857053792841
local_identity_ambiguity,1,1284-1180-0031_8230-279154-0021__T1__1284-1284-1180-0031__SIM__4446-4446-2275-0031,4,2.0,3.0,0.9940764705206924,0.9956077734189909,0.9930865561879879,0.0009899143327044557,0.002521217231002959,False,False,1.0,-0.057292054564539494,20.60857053792841
local_identity_ambiguity,2,4077-13751-0006_8555-292519-0011__T2__8555-8555-292519-0011__SIM__4970-4970-29095-0003,0,0.0,1.0,0.9941351214899784,0.9951103726682883,0.9925232927181988,0.0016118287717795665,0.0025870799500894437,False,False,1.0,-0.05789076718262178,22.011688628228303
local_identity_ambiguity,2,4077-13751-0006_8555-292519-0011__T2__8555-8555-292519-0011__SIM__4970-4970-29095-0003,1,0.5,1.5,0.9950866500201421,0.9957886735122662,0.9932858745282035,0.0018007754919385777,0.002502798984062693,False,False,1.0,-0.05789076718262178,22.011688628228303
local_identity_ambiguity,2,4077-13751-0006_8555-292519-0011__T2__8555-8555-292519-0011__SIM__4970-4970-29095-0003,2,1.0,2.0,0.9939904610200017,0.9952744046474296,0.9929528037798601,0.0010376572401415984,0.0023216008675694955,False,False,1.0,-0.05789076718262178,22.011688628228303
local_identity_ambiguity,2,4077-13751-0006_8555-292519-0011__T2__8555-8555-292519-0011__SIM__4970-4970-29095-0003,3,1.5,2.5,0.9940835038686352,0.9952515760689371,0.9934755365040856,0.0006079673645495998,0.001776039564851506,False,False,1.0,-0.05789076718262178,22.011688628228303
local_identity_ambiguity,2,4077-13751-0006_8555-292519-0011__T2__8555-8555-292519-0011__SIM__4970-4970-29095-0003,4,2.0,3.0,0.994400362153924,0.9956063429075449,0.9932060043058019,0.0011943578481221628,0.002400338601743046,False,False,1.0,-0.05789076718262178,22.011688628228303
local_identity_ambiguity,3,5683-32865-0015_5639-40744-0015__T1__5683-5683-32865-0015__SIM__237-237-134500-0027,0,0.0,1.0,0.992217163268755,0.9947262204260525,0.9937510887713712,-0.001533925502616218,0.0009751316546813271,True,False,1.0,-0.08419016657909056,20.300114619809307
local_identity_ambiguity,3,5683-32865-0015_5639-40744-0015__T1__5683-5683-32865-0015__SIM__237-237-134500-0027,1,0.5,1.5,0.9932884371278377,0.9951600823640709,0.9930590784456582,0.0002293586821794369,0.002101003918412725,False,False,1.0,-0.08419016657909056,20.300114619809307
local_identity_ambiguity,3,5683-32865-0015_5639-40744-0015__T1__5683-5683-32865-0015__SIM__237-237-134500-0027,2,1.0,2.0,0.994039038804522,0.9953563011509273,0.9929919044260507,0.0010471343784713705,0.0023643967248766495,False,False,1.0,-0.08419016657909056,20.300114619809307
local_identity_ambiguity,3,5683-32865-0015_5639-40744-0015__T1__5683-5683-32865-0015__SIM__237-237-134500-0027,3,1.5,2.5,0.9937574664682346,0.9956285155743975,0.9935250083582597,0.0002324581099748535,0.0021035072161377233,False,False,1.0,-0.08419016657909056,20.300114619809307
local_identity_ambiguity,3,5683-32865-0015_5639-40744-0015__T1__5683-5683-32865-0015__SIM__237-237-134500-0027,4,2.0,3.0,0.9939998189490443,0.9958661593025288,0.9940645495919758,-6.473064293144315e-05,0.0018016097105529871,True,False,1.0,-0.08419016657909056,20.300114619809307
local_identity_ambiguity,4,2094-142345-0058_6930-76324-0008__T1__2094-2094-142345-0058__SIM__1995-1995-1837-0020,0,0.0,1.0,0.9932760989658804,0.99448929162522,0.9908981715683893,0.0023779273974910975,0.00359112005683071,False,False,1.0,-0.02493985333600334,21.679655972426
local_identity_ambiguity,4,2094-142345-0058_6930-76324-0008__T1__2094-2094-142345-0058__SIM__1995-1995-1837-0020,1,0.5,1.5,0.9939729968594317,0.9952354825311825,0.9913117687327248,0.0026612281267069937,0.003923713798457795,False,False,1.0,-0.02493985333600334,21.679655972426
local_identity_ambiguity,4,2094-142345-0058_6930-76324-0008__T1__2094-2094-142345-0058__SIM__1995-1995-1837-0020,2,1.0,2.0,0.9946346080834044,0.9956410322904783,0.9914124404638788,0.003222167619525651,0.004228591826599515,False,False,1.0,-0.02493985333600334,21.679655972426
local_identity_ambiguity,4,2094-142345-0058_6930-76324-0008__T1__2094-2094-142345-0058__SIM__1995-1995-1837-0020,3,1.5,2.5,0.9948982394376871,0.9957269225921207,0.9918908273617925,0.003007412075894611,0.0038360952303282403,False,False,1.0,-0.02493985333600334,21.679655972426
local_identity_ambiguity,4,2094-142345-0058_6930-76324-0008__T1__2094-2094-142345-0058__SIM__1995-1995-1837-0020,4,2.0,3.0,0.9941717779983933,0.9951346907828775,0.9908506070599747,0.0033211709384185495,0.004284083722902787,False,False,1.0,-0.02493985333600334,21.679655972426
local_identity_ambiguity,5,1995-1837-0011_1580-141084-0009__T1__1995-1995-1837-0011__SIM__2094-2094-142345-0049,0,0.0,1.0,0.9945395979504014,0.994731704053589,0.9940985834917103,0.00044101445869104694,0.0006331205618786973,False,False,1.0,-0.062162487399012964,22.216493199399796
local_identity_ambiguity,5,1995-1837-0011_1580-141084-0009__T1__1995-1995-1837-0011__SIM__2094-2094-142345-0049,1,0.5,1.5,0.9934996160051844,0.9931924736459486,0.992191711620535,0.0013079043846494498,0.0010007620254136596,False,False,1.0,-0.062162487399012964,22.216493199399796
local_identity_ambiguity,5,1995-1837-0011_1580-141084-0009__T1__1995-1995-1837-0011__SIM__2094-2094-142345-0049,2,1.0,2.0,0.9931919372041245,0.9925641218990534,0.9920457403138094,0.0011461968903150321,0.0005183815852439766,False,False,1.0,-0.062162487399012964,22.216493199399796
local_identity_ambiguity,5,1995-1837-0011_1580-141084-0009__T1__1995-1995-1837-0011__SIM__2094-2094-142345-0049,3,1.5,2.5,0.9936233552600142,0.9925173914124862,0.9926389252879965,0.000984429972017753,-0.00012153387551028239,False,True,1.0,-0.062162487399012964,22.216493199399796
local_identity_ambiguity,5,1995-1837-0011_1580-141084-0009__T1__1995-1995-1837-0011__SIM__2094-2094-142345-0049,4,2.0,3.0,0.9947258031935226,0.9936496416679924,0.9928992788099222,0.0018265243836003142,0.0007503628580701749,False,False,1.0,-0.062162487399012964,22.216493199399796
global_identity_disagreement,1,6829-68769-0031_260-123440-0014__T1__6829-6829-68769-0031__SIM__4970-4970-29095-0029,0,0.0,1.0,0.9944778478614368,0.9942362705701392,0.9924291765347248,0.002048671326711937,0.0018070940354143472,False,False,1.0,-0.03022504663905722,23.892643101490965
global_identity_disagreement,1,6829-68769-0031_260-123440-0014__T1__6829-6829-68769-0031__SIM__4970-4970-29095-0029,1,0.5,1.5,0.9946046865505421,0.9941421548379212,0.9917732273929931,0.00283145915754901,0.002368927444928115,False,False,1.0,-0.03022504663905722,23.892643101490965
global_identity_disagreement,1,6829-68769-0031_260-123440-0014__T1__6829-6829-68769-0031__SIM__4970-4970-29095-0029,2,1.0,2.0,0.9943656123108796,0.9943109551885491,0.9924263751163095,0.0019392371945701203,0.0018845800722395722,False,False,1.0,-0.03022504663905722,23.892643101490965
global_identity_disagreement,1,6829-68769-0031_260-123440-0014__T1__6829-6829-68769-0031__SIM__4970-4970-29095-0029,3,1.5,2.5,0.9944426811196265,0.9944727817958777,0.992909530385994,0.0015331507336324712,0.0015632514098836703,False,False,1.0,-0.03022504663905722,23.892643101490965
global_identity_disagreement,1,6829-68769-0031_260-123440-0014__T1__6829-6829-68769-0031__SIM__4970-4970-29095-0029,4,2.0,3.0,0.9945509228340322,0.9944376743292671,0.9930515678459573,0.0014993549880749635,0.0013861064833098347,False,False,1.0,-0.03022504663905722,23.892643101490965
global_identity_disagreement,1,6829-68769-0031_260-123440-0014__T1__6829-6829-68769-0031__SIM__4970-4970-29095-0029,5,2.5,3.5,0.9943101799890431,0.994675437584061,0.993328074218183,0.0009821057708601089,0.0013473633658779294,False,False,1.0,-0.03022504663905722,23.892643101490965
global_identity_disagreement,2,1995-1837-0015_1580-141083-0012__T1__1995-1995-1837-0015__SIM__2094-2094-142345-0053,0,0.0,1.0,0.9938116470892518,0.9944084683854514,0.992326299371156,0.0014853477180958308,0.0020821690142953653,False,False,1.0,-0.07693804427095588,22.354981836568225
global_identity_disagreement,2,1995-1837-0015_1580-141083-0012__T1__1995-1995-1837-0015__SIM__2094-2094-142345-0053,1,0.5,1.5,0.9942351976865547,0.9947047034640604,0.9913107554537838,0.0029244422327708852,0.003393948010276593,False,False,1.0,-0.07693804427095588,22.354981836568225
global_identity_disagreement,2,1995-1837-0015_1580-141083-0012__T1__1995-1995-1837-0015__SIM__2094-2094-142345-0053,2,1.0,2.0,0.9943389097663896,0.9945997992913538,0.9921048681202441,0.0022340416461454904,0.00249493117110966,False,False,1.0,-0.07693804427095588,22.354981836568225
global_identity_disagreement,2,1995-1837-0015_1580-141083-0012__T1__1995-1995-1837-0015__SIM__2094-2094-142345-0053,3,1.5,2.5,0.994104186328541,0.9945532477400638,0.9925104772734185,0.0015937090551225719,0.0020427704666453605,False,False,1.0,-0.07693804427095588,22.354981836568225
global_identity_disagreement,2,1995-1837-0015_1580-141083-0012__T1__1995-1995-1837-0015__SIM__2094-2094-142345-0053,4,2.0,3.0,0.9946476615011273,0.9950907028432892,0.9926687872162117,0.0019788742849156105,0.0024219156270774977,False,False,1.0,-0.07693804427095588,22.354981836568225
global_identity_disagreement,3,4970-29093-0008_1995-1826-0004__T2__1995-1995-1826-0004__SIM__2094-2094-142345-0032,0,0.0,1.0,0.9936661517767386,0.9954040444732832,0.9912251626625774,0.0024409891141611295,0.0041788818107058034,False,False,1.0,-0.08069550868057782,22.29025291407944
global_identity_disagreement,3,4970-29093-0008_1995-1826-0004__T2__1995-1995-1826-0004__SIM__2094-2094-142345-0032,1,0.5,1.5,0.9941113388861974,0.9943509495676842,0.9919947182617505,0.002116620624446952,0.0023562313059337647,False,False,1.0,-0.08069550868057782,22.29025291407944
global_identity_disagreement,3,4970-29093-0008_1995-1826-0004__T2__1995-1995-1826-0004__SIM__2094-2094-142345-0032,2,1.0,2.0,0.9950423041653161,0.99481747544972,0.9927589694789272,0.0022833346863889714,0.0020585059707928233,False,False,1.0,-0.08069550868057782,22.29025291407944
global_identity_disagreement,3,4970-29093-0008_1995-1826-0004__T2__1995-1995-1826-0004__SIM__2094-2094-142345-0032,3,1.5,2.5,0.9943830172026413,0.9949385920854812,0.9914240638812356,0.0029589533214057218,0.0035145282042455817,False,False,1.0,-0.08069550868057782,22.29025291407944
global_identity_disagreement,3,4970-29093-0008_1995-1826-0004__T2__1995-1995-1826-0004__SIM__2094-2094-142345-0032,4,2.0,3.0,0.9930382168191606,0.9941124117698459,0.9908488189205606,0.002189397898599954,0.003263592849285235,False,False,1.0,-0.08069550868057782,22.29025291407944
global_identity_disagreement,4,1995-1837-0011_1580-141084-0009__T1__1995-1995-1837-0011__SIM__2094-2094-142345-0049,0,0.0,1.0,0.9945397178106218,0.9947317043676036,0.9940984646341746,0.000441253176447165,0.0006332397334289919,False,False,1.0,-0.062162487399012964,22.216493199399796
global_identity_disagreement,4,1995-1837-0011_1580-141084-0009__T1__1995-1995-1837-0011__SIM__2094-2094-142345-0049,1,0.5,1.5,0.9934995567879934,0.9931924736459486,0.992191711620535,0.0013078451674584102,0.0010007620254136596,False,False,1.0,-0.062162487399012964,22.216493199399796
global_identity_disagreement,4,1995-1837-0011_1580-141084-0009__T1__1995-1995-1837-0011__SIM__2094-2094-142345-0049,2,1.0,2.0,0.9931919372041245,0.9925641214558408,0.9920456802350518,0.0011462569690726676,0.0005184412207890343,False,False,1.0,-0.062162487399012964,22.216493199399796
global_identity_disagreement,4,1995-1837-0011_1580-141084-0009__T1__1995-1995-1837-0011__SIM__2094-2094-142345-0049,3,1.5,2.5,0.9936232964155286,0.9925174514631276,0.9926388661221068,0.0009844302934217675,-0.0001214146589791909,False,True,1.0,-0.062162487399012964,22.216493199399796
global_identity_disagreement,4,1995-1837-0011_1580-141084-0009__T1__1995-1995-1837-0011__SIM__2094-2094-142345-0049,4,2.0,3.0,0.9947258627981697,0.993649700894129,0.9928992783866866,0.0018265844114830898,0.0007504225074423942,False,False,1.0,-0.062162487399012964,22.216493199399796
global_identity_disagreement,5,5142-33396-0026_8455-210777-0059__T1__5142-5142-33396-0026__SIM__4970-4970-29093-0009,0,0.0,1.0,0.9933033982934171,0.9948602116728142,0.9915838043260389,0.0017195939673781968,0.0032764073467753674,False,False,1.0,-0.02939683738792568,22.150768006088654
global_identity_disagreement,5,5142-33396-0026_8455-210777-0059__T1__5142-5142-33396-0026__SIM__4970-4970-29093-0009,1,0.5,1.5,0.9930424491638093,0.9949759638975524,0.9913719694227439,0.0016704797410654892,0.003603994474808525,False,False,1.0,-0.02939683738792568,22.150768006088654
global_identity_disagreement,5,5142-33396-0026_8455-210777-0059__T1__5142-5142-33396-0026__SIM__4970-4970-29093-0009,2,1.0,2.0,0.9933196699629369,0.995046714318461,0.9918567931082778,0.0014628768546590676,0.003189921210183244,False,False,1.0,-0.02939683738792568,22.150768006088654
global_identity_disagreement,5,5142-33396-0026_8455-210777-0059__T1__5142-5142-33396-0026__SIM__4970-4970-29093-0009,3,1.5,2.5,0.9938484231543427,0.9957079685690298,0.9923522273911147,0.0014961957632280143,0.0033557411779150392,False,False,1.0,-0.02939683738792568,22.150768006088654
global_identity_disagreement,5,5142-33396-0026_8455-210777-0059__T1__5142-5142-33396-0026__SIM__4970-4970-29093-0009,4,2.0,3.0,0.9939845601602869,0.9955867327167551,0.9917545120252614,0.0022300481350254753,0.003832220691493693,False,False,1.0,-0.02939683738792568,22.150768006088654
recovery_candidate,1,6829-68771-0019_4992-41806-0001__T1__6829-6829-68771-0019__SIM__4970-4970-29095-0001,0,0.0,1.0,0.9943421284171432,0.9936139980911296,0.9924399053712094,0.001902223045933793,0.0011740927199201945,False,False,0.46153846153846156,-0.0013123539680806296,19.79630733000988
recovery_candidate,1,6829-68771-0019_4992-41806-0001__T1__6829-6829-68771-0019__SIM__4970-4970-29095-0001,1,0.5,1.5,0.9952145615852719,0.994683722629519,0.9930823242580413,0.0021322373272305573,0.001601398371477658,False,False,0.46153846153846156,-0.0013123539680806296,19.79630733000988
recovery_candidate,1,6829-68771-0019_4992-41806-0001__T1__6829-6829-68771-0019__SIM__4970-4970-29095-0001,2,1.0,2.0,0.9953217307344346,0.9950572649308556,0.9943298495225981,0.000991881211836576,0.0007274154082574924,False,False,0.46153846153846156,-0.0013123539680806296,19.79630733000988
recovery_candidate,1,6829-68771-0019_4992-41806-0001__T1__6829-6829-68771-0019__SIM__4970-4970-29095-0001,3,1.5,2.5,0.9957765139132362,0.9954885638629221,0.9938006790958132,0.001975834817423028,0.0016878847671089048,False,False,0.46153846153846156,-0.0013123539680806296,19.79630733000988
recovery_candidate,1,6829-68771-0019_4992-41806-0001__T1__6829-6829-68771-0019__SIM__4970-4970-29095-0001,4,2.0,3.0,0.9951455394080024,0.9947359959019416,0.9924870526470939,0.0026584867609085183,0.0022489432548477017,False,False,0.46153846153846156,-0.0013123539680806296,19.79630733000988
recovery_candidate,1,6829-68771-0019_4992-41806-0001__T1__6829-6829-68771-0019__SIM__4970-4970-29095-0001,5,2.5,3.5,0.9955081740595632,0.9954462448348802,0.9934792912079672,0.00202888285159597,0.001966953626913015,False,False,0.46153846153846156,-0.0013123539680806296,19.79630733000988
recovery_candidate,1,6829-68771-0019_4992-41806-0001__T1__6829-6829-68771-0019__SIM__4970-4970-29095-0001,6,3.0,4.0,0.9949497381538313,0.9948320189827543,0.9932991659643221,0.0016505721895091474,0.001532853018432201,False,False,0.46153846153846156,-0.0013123539680806296,19.79630733000988
recovery_candidate,1,6829-68771-0019_4992-41806-0001__T1__6829-6829-68771-0019__SIM__4970-4970-29095-0001,7,3.5,4.5,0.9951587120342343,0.9946612516788881,0.99341616988665,0.0017425421475842917,0.0012450817922380342,False,False,0.46153846153846156,-0.0013123539680806296,19.79630733000988
recovery_candidate,1,6829-68771-0019_4992-41806-0001__T1__6829-6829-68771-0019__SIM__4970-4970-29095-0001,8,4.0,5.0,0.9943021933059424,0.9938805500572341,0.9934381640014432,0.0008640293044991365,0.00044238605579083323,False,False,0.46153846153846156,-0.0013123539680806296,19.79630733000988
recovery_candidate,1,6829-68771-0019_4992-41806-0001__T1__6829-6829-68771-0019__SIM__4970-4970-29095-0001,9,4.5,5.5,0.9945823947354274,0.9944166938262659,0.9934325611646125,0.0011498335708148844,0.0009841326616533141,False,False,0.46153846153846156,-0.0013123539680806296,19.79630733000988
recovery_candidate,1,6829-68771-0019_4992-41806-0001__T1__6829-6829-68771-0019__SIM__4970-4970-29095-0001,10,5.0,6.0,0.9945058027684229,0.994267920635882,0.9931792414142845,0.0013265613541384447,0.0010886792215974994,False,False,0.46153846153846156,-0.0013123539680806296,19.79630733000988
recovery_candidate,1,6829-68771-0019_4992-41806-0001__T1__6829-6829-68771-0019__SIM__4970-4970-29095-0001,11,5.5,6.5,0.9944426811196265,0.9941280281873955,0.9934897216331701,0.0009529594864564617,0.0006383065542254762,False,False,0.46153846153846156,-0.0013123539680806296,19.79630733000988
recovery_candidate,1,6829-68771-0019_4992-41806-0001__T1__6829-6829-68771-0019__SIM__4970-4970-29095-0001,12,6.0,7.0,0.9939151207505124,0.9935815731650203,0.9931288754874545,0.0007862452630578165,0.00045269767756572765,False,False,0.46153846153846156,-0.0013123539680806296,19.79630733000988
recovery_candidate,2,1221-135766-0009_5142-33396-0058__T1__1221-1221-135766-0009__SIM__4992-4992-41797-0021,0,0.0,1.0,0.994533637811156,0.9950538078615278,0.9953518308023921,-0.0008181929912360886,-0.0002980229408643398,True,True,0.4666666666666667,0.0457130806771783,17.981749685446875
recovery_candidate,2,1221-135766-0009_5142-33396-0058__T1__1221-1221-135766-0009__SIM__4992-4992-41797-0021,1,0.5,1.5,0.9942340648546505,0.9951776067062502,0.9944693840015434,-0.00023531914689289835,0.000708222704706829,True,False,0.4666666666666667,0.0457130806771783,17.981749685446875
recovery_candidate,2,1221-135766-0009_5142-33396-0058__T1__1221-1221-135766-0009__SIM__4992-4992-41797-0021,2,1.0,2.0,0.9939238226663075,0.9948382178656869,0.9945554531120078,-0.0006316304457002486,0.00028276475367916554,True,False,0.4666666666666667,0.0457130806771783,17.981749685446875
recovery_candidate,2,1221-135766-0009_5142-33396-0058__T1__1221-1221-135766-0009__SIM__4992-4992-41797-0021,3,1.5,2.5,0.993986288336506,0.9942535559167783,0.9945679700879064,-0.0005816817514003869,-0.0003144141711280968,True,True,0.4666666666666667,0.0457130806771783,17.981749685446875
recovery_candidate,2,1221-135766-0009_5142-33396-0058__T1__1221-1221-135766-0009__SIM__4992-4992-41797-0021,4,2.0,3.0,0.9946539795937237,0.9942013422489994,0.9947951830027889,-0.0001412034090652048,-0.0005938407537895429,True,True,0.4666666666666667,0.0457130806771783,17.981749685446875
recovery_candidate,2,1221-135766-0009_5142-33396-0058__T1__1221-1221-135766-0009__SIM__4992-4992-41797-0021,5,2.5,3.5,0.9947346243674549,0.9944689667690134,0.9947842750414786,-4.9650674023737906e-05,-0.0003153082724651757,True,True,0.4666666666666667,0.0457130806771783,17.981749685446875
recovery_candidate,2,1221-135766-0009_5142-33396-0058__T1__1221-1221-135766-0009__SIM__4992-4992-41797-0021,6,3.0,4.0,0.9939502268037936,0.9937710555844246,0.993879237660592,7.0989143201583e-05,-0.00010818207616747344,False,True,0.4666666666666667,0.0457130806771783,17.981749685446875
recovery_candidate,2,1221-135766-0009_5142-33396-0058__T1__1221-1221-135766-0009__SIM__4992-4992-41797-0021,7,3.5,4.5,0.9938733971348305,0.9931943814003031,0.9937617576307447,0.00011163950408576984,-0.000567376230441563,False,True,0.4666666666666667,0.0457130806771783,17.981749685446875
recovery_candidate,2,1221-135766-0009_5142-33396-0058__T1__1221-1221-135766-0009__SIM__4992-4992-41797-0021,8,4.0,5.0,0.9949688709445432,0.9937066833119016,0.9944754636755513,0.0004934072689919411,-0.0007687803636496904,False,True,0.4666666666666667,0.0457130806771783,17.981749685446875
recovery_candidate,2,1221-135766-0009_5142-33396-0058__T1__1221-1221-135766-0009__SIM__4992-4992-41797-0021,9,4.5,5.5,0.9946008718531255,0.9944895307007247,0.994691828544655,-9.095669152947572e-05,-0.00020229784393033245,True,True,0.4666666666666667,0.0457130806771783,17.981749685446875
recovery_candidate,2,1221-135766-0009_5142-33396-0058__T1__1221-1221-135766-0009__SIM__4992-4992-41797-0021,10,5.0,6.0,0.9939670360354811,0.9925041596276086,0.9928872978526123,0.0010797381828687724,-0.00038313822500368744,False,True,0.4666666666666667,0.0457130806771783,17.981749685446875
recovery_candidate,2,1221-135766-0009_5142-33396-0058__T1__1221-1221-135766-0009__SIM__4992-4992-41797-0021,11,5.5,6.5,0.9937493598641404,0.9930929342969244,0.9934449589312168,0.0003044009329236097,-0.0003520246342924027,False,True,0.4666666666666667,0.0457130806771783,17.981749685446875
recovery_candidate,2,1221-135766-0009_5142-33396-0058__T1__1221-1221-135766-0009__SIM__4992-4992-41797-0021,12,6.0,7.0,0.9933247959625906,0.9939030806125085,0.993981460360088,-0.0006566643974974529,-7.83797475795156e-05,True,True,0.4666666666666667,0.0457130806771783,17.981749685446875
recovery_candidate,2,1221-135766-0009_5142-33396-0058__T1__1221-1221-135766-0009__SIM__4992-4992-41797-0021,13,6.5,7.5,0.994702318962551,0.9949418107362347,0.9957243598469921,-0.0010220408844411333,-0.00078254911075748,True,True,0.4666666666666667,0.0457130806771783,17.981749685446875
recovery_candidate,2,1221-135766-0009_5142-33396-0058__T1__1221-1221-135766-0009__SIM__4992-4992-41797-0021,14,7.0,8.0,0.9951746857911038,0.9949615994779044,0.9957929647958457,-0.0006182790047418729,-0.0008313653179412572,True,True,0.4666666666666667,0.0457130806771783,17.981749685446875
recovery_candidate,3,6930-75918-0010_6829-68769-0018__T2__6829-6829-68769-0018__SIM__4970-4970-29095-0031,0,0.0,1.0,0.9947155511942152,0.994637886338997,0.9935420552863246,0.0011734959078906204,0.0010958310526724135,False,False,0.46153846153846156,0.013834766598675155,21.97554188850905
recovery_candidate,3,6930-75918-0010_6829-68769-0018__T2__6829-6829-68769-0018__SIM__4970-4970-29095-0031,1,0.5,1.5,0.9949256575753695,0.9950630462870181,0.9941133061904268,0.0008123513849427333,0.0009497400965913227,False,False,0.46153846153846156,0.013834766598675155,21.97554188850905
recovery_candidate,3,6930-75918-0010_6829-68769-0018__T2__6829-6829-68769-0018__SIM__4970-4970-29095-0031,2,1.0,2.0,0.9940134680556001,0.994579175761568,0.9938590327809005,0.00015443527469960472,0.0007201429806674708,False,False,0.46153846153846156,0.013834766598675155,21.97554188850905
recovery_candidate,3,6930-75918-0010_6829-68769-0018__T2__6829-6829-68769-0018__SIM__4970-4970-29095-0031,3,1.5,2.5,0.994179287836988,0.9947237763210295,0.9937286770515842,0.00045061078540376,0.0009950992694452987,False,False,0.46153846153846156,0.013834766598675155,21.97554188850905
recovery_candidate,3,6930-75918-0010_6829-68769-0018__T2__6829-6829-68769-0018__SIM__4970-4970-29095-0031,4,2.0,3.0,0.9949308428775221,0.9952995572466826,0.993927577759077,0.0010032651184450625,0.0013719794876055902,False,False,0.46153846153846156,0.013834766598675155,21.97554188850905
recovery_candidate,3,6930-75918-0010_6829-68769-0018__T2__6829-6829-68769-0018__SIM__4970-4970-29095-0031,5,2.5,3.5,0.9951953089990129,0.9954002297758665,0.9945064584195022,0.0006888505795106248,0.0008937713563642591,False,False,0.46153846153846156,0.013834766598675155,21.97554188850905
recovery_candidate,3,6930-75918-0010_6829-68769-0018__T2__6829-6829-68769-0018__SIM__4970-4970-29095-0031,6,3.0,4.0,0.9946870601728841,0.9947210944263988,0.9944886962357145,0.0001983639371696544,0.0002323981906843242,False,False,0.46153846153846156,0.013834766598675155,21.97554188850905
recovery_candidate,3,6930-75918-0010_6829-68769-0018__T2__6829-6829-68769-0018__SIM__4970-4970-29095-0031,7,3.5,4.5,0.9946233428050958,0.9946508205474255,0.9949083129265409,-0.00028497012144512723,-0.00025749237911543155,True,True,0.46153846153846156,0.013834766598675155,21.97554188850905
recovery_candidate,3,6930-75918-0010_6829-68769-0018__T2__6829-6829-68769-0018__SIM__4970-4970-29095-0031,8,4.0,5.0,0.9945563471817148,0.9950926697966447,0.9948459664693527,-0.0002896192876379322,0.00024670332729193056,True,False,0.46153846153846156,0.013834766598675155,21.97554188850905
recovery_candidate,3,6930-75918-0010_6829-68769-0018__T2__6829-6829-68769-0018__SIM__4970-4970-29095-0031,9,4.5,5.5,0.9952055607125465,0.9956745897088161,0.994547644903233,0.000657915809313514,0.0011269448055830633,False,False,0.46153846153846156,0.013834766598675155,21.97554188850905
recovery_candidate,3,6930-75918-0010_6829-68769-0018__T2__6829-6829-68769-0018__SIM__4970-4970-29095-0031,10,5.0,6.0,0.9958278332657368,0.9961415921469622,0.994666436964975,0.00116139630076173,0.0014751551819871533,False,False,0.46153846153846156,0.013834766598675155,21.97554188850905
recovery_candidate,3,6930-75918-0010_6829-68769-0018__T2__6829-6829-68769-0018__SIM__4970-4970-29095-0031,11,5.5,6.5,0.9952400124843649,0.995703677034436,0.9944528142402773,0.0007871982440875724,0.001250862794158647,False,False,0.46153846153846156,0.013834766598675155,21.97554188850905
recovery_candidate,3,6930-75918-0010_6829-68769-0018__T2__6829-6829-68769-0018__SIM__4970-4970-29095-0031,12,6.0,7.0,0.9949596322242371,0.9956334031554626,0.9947035709758323,0.00025606124840482636,0.0009298321796302744,False,False,0.46153846153846156,0.013834766598675155,21.97554188850905
recovery_candidate,4,908-157963-0022_1089-134686-0023__T2__1089-1089-134686-0023__SIM__8230-8230-279154-0040,0,0.0,1.0,0.9931947386225398,0.9938015735350315,0.9938006198606774,-0.00060588123813754,9.536743541538328e-07,True,False,0.24,0.03926827075855771,21.768750696591276
recovery_candidate,4,908-157963-0022_1089-134686-0023__T2__1089-1089-134686-0023__SIM__8230-8230-279154-0040,1,0.5,1.5,0.9947377244366055,0.994906584391877,0.9941376844896525,0.0006000399469530127,0.0007688999022245069,False,False,0.24,0.03926827075855771,21.768750696591276
recovery_candidate,4,908-157963-0022_1089-134686-0023__T2__1089-1089-134686-0023__SIM__8230-8230-279154-0040,2,1.0,2.0,0.9951968590061276,0.9957764545603316,0.9944309989407258,0.0007658600654018022,0.001345455619605751,False,False,0.24,0.03926827075855771,21.768750696591276
recovery_candidate,4,908-157963-0022_1089-134686-0023__T2__1089-1089-134686-0023__SIM__8230-8230-279154-0040,3,1.5,2.5,0.9945665399002342,0.995550254937933,0.9945211807664673,4.535913376690903e-05,0.0010290741714656937,False,False,0.24,0.03926827075855771,21.768750696591276
recovery_candidate,4,908-157963-0022_1089-134686-0023__T2__1089-1089-134686-0023__SIM__8230-8230-279154-0040,4,2.0,3.0,0.9942889014704233,0.9952673712994867,0.9946352044496423,-0.0003463029792190042,0.0006321668498444621,True,False,0.24,0.03926827075855771,21.768750696591276
recovery_candidate,4,908-157963-0022_1089-134686-0023__T2__1089-1089-134686-0023__SIM__8230-8230-279154-0040,5,2.5,3.5,0.9952906168297834,0.9961238301920977,0.9947809970967705,0.0005096197330128893,0.0013428330953272338,False,False,0.24,0.03926827075855771,21.768750696591276
recovery_candidate,4,908-157963-0022_1089-134686-0023__T2__1089-1089-134686-0023__SIM__8230-8230-279154-0040,6,3.0,4.0,0.9957066575226956,0.9963260093741696,0.9951480428030329,0.0005586147196626756,0.0011779665711366683,False,False,0.24,0.03926827075855771,21.768750696591276
recovery_candidate,4,908-157963-0022_1089-134686-0023__T2__1089-1089-134686-0023__SIM__8230-8230-279154-0040,7,3.5,4.5,0.9943433201728508,0.9954763449102592,0.9945362008109829,-0.0001928806381321646,0.00094014409927623,True,False,0.24,0.03926827075855771,21.768750696591276
recovery_candidate,4,908-157963-0022_1089-134686-0023__T2__1089-1089-134686-0023__SIM__8230-8230-279154-0040,8,4.0,5.0,0.995063463519548,0.9961450494464781,0.9949579632941173,0.00010550022543065474,0.001187086152360739,False,False,0.24,0.03926827075855771,21.768750696591276
recovery_candidate,4,908-157963-0022_1089-134686-0023__T2__1089-1089-134686-0023__SIM__8230-8230-279154-0040,9,4.5,5.5,0.9951049483539547,0.9953918255206203,0.9943848646119046,0.000720083742050126,0.0010069609087157705,False,False,0.24,0.03926827075855771,21.768750696591276
recovery_candidate,4,908-157963-0022_1089-134686-0023__T2__1089-1089-134686-0023__SIM__8230-8230-279154-0040,10,5.0,6.0,0.9945555723213021,0.9950248993128511,0.993933240200555,0.0006223321207471377,0.0010916591122961394,False,False,0.24,0.03926827075855771,21.768750696591276
recovery_candidate,4,908-157963-0022_1089-134686-0023__T2__1089-1089-134686-0023__SIM__8230-8230-279154-0040,11,5.5,6.5,0.9941457311165361,0.9950978556931358,0.9948011437773782,-0.0006554126608420141,0.00029671191575764144,True,False,0.24,0.03926827075855771,21.768750696591276
recovery_candidate,4,908-157963-0022_1089-134686-0023__T2__1089-1089-134686-0023__SIM__8230-8230-279154-0040,12,6.0,7.0,0.9944973985136777,0.9952078858651906,0.9953042665738647,-0.0008068680601870382,-9.63807086741264e-05,True,True,0.24,0.03926827075855771,21.768750696591276
recovery_candidate,4,908-157963-0022_1089-134686-0023__T2__1089-1089-134686-0023__SIM__8230-8230-279154-0040,13,6.5,7.5,0.9953318635238438,0.9957514206100266,0.9953683415657167,-3.647804187290049e-05,0.0003830790443098975,True,False,0.24,0.03926827075855771,21.768750696591276
recovery_candidate,4,908-157963-0022_1089-134686-0023__T2__1089-1089-134686-0023__SIM__8230-8230-279154-0040,14,7.0,8.0,0.9963936606446366,0.9965178767218643,0.9955277243826586,0.000865936261978062,0.000990152339205741,False,False,0.24,0.03926827075855771,21.768750696591276
recovery_candidate,4,908-157963-0022_1089-134686-0023__T2__1089-1089-134686-0023__SIM__8230-8230-279154-0040,15,7.5,8.5,0.9956205884173613,0.9959193268910008,0.994339565417469,0.0012810229998923006,0.0015797614735317822,False,False,0.24,0.03926827075855771,21.768750696591276
recovery_candidate,4,908-157963-0022_1089-134686-0023__T2__1089-1089-134686-0023__SIM__8230-8230-279154-0040,16,8.0,9.0,0.9947279492750578,0.9953235188737422,0.9941201011197953,0.0006078481552624915,0.0012034177539468338,False,False,0.24,0.03926827075855771,21.768750696591276
recovery_candidate,4,908-157963-0022_1089-134686-0023__T2__1089-1089-134686-0023__SIM__8230-8230-279154-0040,17,8.5,9.5,0.9947678244697534,0.9953161872234048,0.9951048887493076,-0.00033706427955415563,0.00021129847409717684,True,False,0.24,0.03926827075855771,21.768750696591276
recovery_candidate,4,908-157963-0022_1089-134686-0023__T2__1089-1089-134686-0023__SIM__8230-8230-279154-0040,18,9.0,10.0,0.9954092300775841,0.9955984152275937,0.9944579995139404,0.0009512305636436569,0.0011404157136533088,False,False,0.24,0.03926827075855771,21.768750696591276
recovery_candidate,4,908-157963-0022_1089-134686-0023__T2__1089-1089-134686-0023__SIM__8230-8230-279154-0040,19,9.5,10.5,0.9944923917236166,0.9948856631619792,0.9941949049474924,0.0002974867761241784,0.0006907582144868307,False,False,0.24,0.03926827075855771,21.768750696591276
recovery_candidate,4,908-157963-0022_1089-134686-0023__T2__1089-1089-134686-0023__SIM__8230-8230-279154-0040,20,10.0,11.0,0.9952863255761462,0.9960406819453363,0.9948512116779881,0.00043511389815809043,0.0011894702673482804,False,False,0.24,0.03926827075855771,21.768750696591276
recovery_candidate,4,908-157963-0022_1089-134686-0023__T2__1089-1089-134686-0023__SIM__8230-8230-279154-0040,21,10.5,11.5,0.9950086272441829,0.9956822789661142,0.9944510257702255,0.0005576014739574475,0.0012312531958886819,False,False,0.24,0.03926827075855771,21.768750696591276
recovery_candidate,4,908-157963-0022_1089-134686-0023__T2__1089-1089-134686-0023__SIM__8230-8230-279154-0040,22,11.0,12.0,0.994165639067493,0.9949754873598593,0.9942577282418292,-9.208917433622954e-05,0.0007177591180300702,True,False,0.24,0.03926827075855771,21.768750696591276
recovery_candidate,4,908-157963-0022_1089-134686-0023__T2__1089-1089-134686-0023__SIM__8230-8230-279154-0040,23,11.5,12.5,0.9941933552267592,0.994898418555706,0.9936300913448971,0.0005632638818621194,0.0012683272108089394,False,False,0.24,0.03926827075855771,21.768750696591276
recovery_candidate,4,908-157963-0022_1089-134686-0023__T2__1089-1089-134686-0023__SIM__8230-8230-279154-0040,24,12.0,13.0,0.9935291206929728,0.9940240776827903,0.993551949272826,-2.282857985314024e-05,0.00047212840996435634,True,False,0.24,0.03926827075855771,21.768750696591276
recovery_candidate,5,5105-28240-0019_1320-122612-0015__T1__5105-5105-28240-0019__SIM__1320-1320-122617-0009,0,0.0,1.0,0.9942263165946608,0.995615164133439,0.9940358201537686,0.00019049644089219608,0.0015793439796704112,False,False,0.45454545454545453,0.012227444827821428,21.721081254442517
recovery_candidate,5,5105-28240-0019_1320-122612-0015__T1__5105-5105-28240-0019__SIM__1320-1320-122617-0009,1,0.5,1.5,0.9947474995981531,0.9957669771696944,0.9947286645307808,1.8835067372324765e-05,0.00103831263891363,False,False,0.45454545454545453,0.012227444827821428,21.721081254442517
recovery_candidate,5,5105-28240-0019_1320-122612-0015__T1__5105-5105-28240-0019__SIM__1320-1320-122617-0009,2,1.0,2.0,0.994522670556083,0.9961603080072785,0.9947383797740682,-0.00021570921798519382,0.0014219282332103012,True,False,0.45454545454545453,0.012227444827821428,21.721081254442517
recovery_candidate,5,5105-28240-0019_1320-122612-0015__T1__5105-5105-28240-0019__SIM__1320-1320-122617-0009,3,1.5,2.5,0.9941237966076976,0.9959794081320872,0.9937391082380109,0.00038468836968663656,0.0022402998940762586,False,False,0.45454545454545453,0.012227444827821428,21.721081254442517
recovery_candidate,5,5105-28240-0019_1320-122612-0015__T1__5105-5105-28240-0019__SIM__1320-1320-122617-0009,4,2.0,3.0,0.9939727584408574,0.9954219854720712,0.9932646552750879,0.0007081031657695247,0.002157330196983276,False,False,0.45454545454545453,0.012227444827821428,21.721081254442517
recovery_candidate,5,5105-28240-0019_1320-122612-0015__T1__5105-5105-28240-0019__SIM__1320-1320-122617-0009,5,2.5,3.5,0.9942168394563311,0.9957345522416524,0.9942752520070427,-5.8412550711595124e-05,0.0014593002346097173,True,False,0.45454545454545453,0.012227444827821428,21.721081254442517
recovery_candidate,5,5105-28240-0019_1320-122612-0015__T1__5105-5105-28240-0019__SIM__1320-1320-122617-0009,6,3.0,4.0,0.9950809872858061,0.9965441023530631,0.9949821031762074,9.888410959868477e-05,0.0015619991768557329,False,False,0.45454545454545453,0.012227444827821428,21.721081254442517
recovery_candidate,5,5105-28240-0019_1320-122612-0015__T1__5105-5105-28240-0019__SIM__1320-1320-122617-0009,7,3.5,4.5,0.9950488606761103,0.9964746035404931,0.9953290621055954,-0.00028020142948503857,0.0011455414348977566,True,False,0.45454545454545453,0.012227444827821428,21.721081254442517
recovery_candidate,5,5105-28240-0019_1320-122612-0015__T1__5105-5105-28240-0019__SIM__1320-1320-122617-0009,8,4.0,5.0,0.9947705665952199,0.9963040150403899,0.9953100482242924,-0.0005394816290724691,0.0009939668160975357,True,False,0.45454545454545453,0.012227444827821428,21.721081254442517
recovery_candidate,5,5105-28240-0019_1320-122612-0015__T1__5105-5105-28240-0019__SIM__1320-1320-122617-0009,9,4.5,5.5,0.9945549166701836,0.9960331116827087,0.9951566255830216,-0.0006017089128380615,0.000876486099687046,True,False,0.45454545454545453,0.012227444827821428,21.721081254442517
recovery_candidate,5,5105-28240-0019_1320-122612-0015__T1__5105-5105-28240-0019__SIM__1320-1320-122617-0009,10,5.0,6.0,0.9938970601797434,0.995249489340104,0.9941208756297392,-0.00022381544999572345,0.0011286137103648786,True,False,0.45454545454545453,0.012227444827821428,21.721081254442517
