case_category,case_rank,key,taxonomy,sisnr_i,speaker_mismatch_rate,true_swap_rate,identity_ambiguity_rate,speaker_gap_mean,speaker_gap_p10,speaker_gap_min,local_si_sdr_gap_mean,local_si_sdr_gap_p10,local_si_sdr_gap_min,longest_speaker_mismatch_run,target_spk,interferer_spk,speaker_similarity,mix,target_ref,interferer_ref,enrollment,est_path
waveform_global_failure,1,5683-32865-0009_1580-141084-0000__T1__5683-5683-32865-0009__SIM__237-237-134493-0017,waveform_global_failure,-115.38809656224366,0.9411764705882353,0.9411764705882353,0.0,-0.12606586125334604,-0.23537199606578108,-0.2441262699491435,-62.903957064329155,-74.08255818722844,-84.62756750122792,13,5683,237,0.47831958532333374,/data/tse_cue_project/datasets/Libri2Mix_similar_speaker_960h/wav16k/min/test/mix_clean/5683-32865-0009_1580-141084-0000__T1__5683-5683-32865-0009__SIM__237-237-134493-0017.wav,/data/tse_cue_project/datasets/Libri2Mix_similar_speaker_960h/wav16k/min/test/s1/5683-32865-0009_1580-141084-0000__T1__5683-5683-32865-0009__SIM__237-237-134493-0017.wav,/data/tse_cue_project/datasets/Libri2Mix_similar_speaker_960h/wav16k/min/test/s2/5683-32865-0009_1580-141084-0000__T1__5683-5683-32865-0009__SIM__237-237-134493-0017.wav,/data/tse_cue_project/imported_data/LibriSpeech960/test-clean/5683/32879/5683-32879-0011.flac,/data/tse_cue_project/experiments/fine_grained_cue/usef_tse_tfgridnet/similar_speaker_test_full/usef_tfgridnet_wsj0_2mix/est_wav_8k/5683-32865-0009_1580-141084-0000__T1__5683-5683-32865-0009__SIM__237-237-134493-0017.wav
waveform_global_failure,2,2094-142345-0039_5683-32865-0009__T2__5683-5683-32865-0009__SIM__237-237-134493-0017,waveform_global_failure,-115.38755318725414,0.9411764705882353,0.9411764705882353,0.0,-0.12506732718505978,-0.2343877926484692,-0.24483824253037678,-62.90394572083778,-74.08255818722844,-84.62743732950815,13,5683,237,0.47831958532333374,/data/tse_cue_project/datasets/Libri2Mix_similar_speaker_960h/wav16k/min/test/mix_clean/2094-142345-0039_5683-32865-0009__T2__5683-5683-32865-0009__SIM__237-237-134493-0017.wav,/data/tse_cue_project/datasets/Libri2Mix_similar_speaker_960h/wav16k/min/test/s1/2094-142345-0039_5683-32865-0009__T2__5683-5683-32865-0009__SIM__237-237-134493-0017.wav,/data/tse_cue_project/datasets/Libri2Mix_similar_speaker_960h/wav16k/min/test/s2/2094-142345-0039_5683-32865-0009__T2__5683-5683-32865-0009__SIM__237-237-134493-0017.wav,/data/tse_cue_project/imported_data/LibriSpeech960/test-clean/5683/32879/5683-32879-0011.flac,/data/tse_cue_project/experiments/fine_grained_cue/usef_tse_tfgridnet/similar_speaker_test_full/usef_tfgridnet_wsj0_2mix/est_wav_8k/2094-142345-0039_5683-32865-0009__T2__5683-5683-32865-0009__SIM__237-237-134493-0017.wav
waveform_global_failure,3,7021-79740-0007_8555-284447-0018__T2__8555-8555-284447-0018__SIM__4970-4970-29095-0032,waveform_global_failure,-65.88130628997902,0.8888888888888888,0.8888888888888888,0.0,-0.057937227853472696,-0.09493503214426559,-0.11414417396185222,-56.092306086936446,-69.91563839190421,-81.59681761844756,6,8555,4970,0.37955009937286377,/data/tse_cue_project/datasets/Libri2Mix_similar_speaker_960h/wav16k/min/test/mix_clean/7021-79740-0007_8555-284447-0018__T2__8555-8555-284447-0018__SIM__4970-4970-29095-0032.wav,/data/tse_cue_project/datasets/Libri2Mix_similar_speaker_960h/wav16k/min/test/s1/7021-79740-0007_8555-284447-0018__T2__8555-8555-284447-0018__SIM__4970-4970-29095-0032.wav,/data/tse_cue_project/datasets/Libri2Mix_similar_speaker_960h/wav16k/min/test/s2/7021-79740-0007_8555-284447-0018__T2__8555-8555-284447-0018__SIM__4970-4970-29095-0032.wav,/data/tse_cue_project/imported_data/LibriSpeech960/test-clean/8555/292519/8555-292519-0010.flac,/data/tse_cue_project/experiments/fine_grained_cue/usef_tse_tfgridnet/similar_speaker_test_full/usef_tfgridnet_wsj0_2mix/est_wav_8k/7021-79740-0007_8555-284447-0018__T2__8555-8555-284447-0018__SIM__4970-4970-29095-0032.wav
waveform_global_failure,4,61-70968-0013_8555-284449-0003__T2__8555-8555-284449-0003__SIM__4970-4970-29095-0029,waveform_global_failure,-62.5584169274936,0.8333333333333334,0.8333333333333334,0.0,-0.05075326394271316,-0.09339124334182398,-0.11855912678106348,-59.21952753657854,-73.97520178608764,-83.94634512240391,3,8555,4970,0.37955009937286377,/data/tse_cue_project/datasets/Libri2Mix_similar_speaker_960h/wav16k/min/test/mix_clean/61-70968-0013_8555-284449-0003__T2__8555-8555-284449-0003__SIM__4970-4970-29095-0029.wav,/data/tse_cue_project/datasets/Libri2Mix_similar_speaker_960h/wav16k/min/test/s1/61-70968-0013_8555-284449-0003__T2__8555-8555-284449-0003__SIM__4970-4970-29095-0029.wav,/data/tse_cue_project/datasets/Libri2Mix_similar_speaker_960h/wav16k/min/test/s2/61-70968-0013_8555-284449-0003__T2__8555-8555-284449-0003__SIM__4970-4970-29095-0029.wav,/data/tse_cue_project/imported_data/LibriSpeech960/test-clean/8555/292519/8555-292519-0010.flac,/data/tse_cue_project/experiments/fine_grained_cue/usef_tse_tfgridnet/similar_speaker_test_full/usef_tfgridnet_wsj0_2mix/est_wav_8k/61-70968-0013_8555-284449-0003__T2__8555-8555-284449-0003__SIM__4970-4970-29095-0029.wav
waveform_global_failure,5,8555-284447-0006_1320-122617-0024__T1__8555-8555-284447-0006__SIM__4970-4970-29095-0025,waveform_global_failure,-61.63135893189921,0.16666666666666666,0.16666666666666666,0.0,0.025298628149460867,-0.011851073230066858,-0.027917496781303675,-55.60644492655894,-72.92513804236562,-88.64914939395294,1,8555,4970,0.37955009937286377,/data/tse_cue_project/datasets/Libri2Mix_similar_speaker_960h/wav16k/min/test/mix_clean/8555-284447-0006_1320-122617-0024__T1__8555-8555-284447-0006__SIM__4970-4970-29095-0025.wav,/data/tse_cue_project/datasets/Libri2Mix_similar_speaker_960h/wav16k/min/test/s1/8555-284447-0006_1320-122617-0024__T1__8555-8555-284447-0006__SIM__4970-4970-29095-0025.wav,/data/tse_cue_project/datasets/Libri2Mix_similar_speaker_960h/wav16k/min/test/s2/8555-284447-0006_1320-122617-0024__T1__8555-8555-284447-0006__SIM__4970-4970-29095-0025.wav,/data/tse_cue_project/imported_data/LibriSpeech960/test-clean/8555/292519/8555-292519-0010.flac,/data/tse_cue_project/experiments/fine_grained_cue/usef_tse_tfgridnet/similar_speaker_test_full/usef_tfgridnet_wsj0_2mix/est_wav_8k/8555-284447-0006_1320-122617-0024__T1__8555-8555-284447-0006__SIM__4970-4970-29095-0025.wav
true_local_swap,1,8455-210777-0053_2830-3980-0009__T2__2830-2830-3980-0009__SIM__1188-1188-133604-0014,waveform_global_failure,-56.2882310729261,1.0,1.0,0.0,-0.12831676023473096,-0.20823694830996425,-0.25477423754405687,-63.252634418750866,-73.17424144409429,-80.17251340232616,6,2830,1188,0.48153555393218994,/data/tse_cue_project/datasets/Libri2Mix_similar_speaker_960h/wav16k/min/test/mix_clean/8455-210777-0053_2830-3980-0009__T2__2830-2830-3980-0009__SIM__1188-1188-133604-0014.wav,/data/tse_cue_project/datasets/Libri2Mix_similar_speaker_960h/wav16k/min/test/s1/8455-210777-0053_2830-3980-0009__T2__2830-2830-3980-0009__SIM__1188-1188-133604-0014.wav,/data/tse_cue_project/datasets/Libri2Mix_similar_speaker_960h/wav16k/min/test/s2/8455-210777-0053_2830-3980-0009__T2__2830-2830-3980-0009__SIM__1188-1188-133604-0014.wav,/data/tse_cue_project/imported_data/LibriSpeech960/test-clean/2830/3980/2830-3980-0022.flac,/data/tse_cue_project/experiments/fine_grained_cue/usef_tse_tfgridnet/similar_speaker_test_full/usef_tfgridnet_wsj0_2mix/est_wav_8k/8455-210777-0053_2830-3980-0009__T2__2830-2830-3980-0009__SIM__1188-1188-133604-0014.wav
true_local_swap,2,8463-287645-0013_5142-33396-0037__T1__8463-8463-287645-0013__SIM__4992-4992-41797-0000,waveform_global_failure,-54.49157849201988,1.0,1.0,0.0,-0.09290942460519472,-0.13394198149779613,-0.1445718974762989,-52.010791224903144,-62.53340403650042,-71.07085620381011,9,8463,4992,0.41076433658599854,/data/tse_cue_project/datasets/Libri2Mix_similar_speaker_960h/wav16k/min/test/mix_clean/8463-287645-0013_5142-33396-0037__T1__8463-8463-287645-0013__SIM__4992-4992-41797-0000.wav,/data/tse_cue_project/datasets/Libri2Mix_similar_speaker_960h/wav16k/min/test/s1/8463-287645-0013_5142-33396-0037__T1__8463-8463-287645-0013__SIM__4992-4992-41797-0000.wav,/data/tse_cue_project/datasets/Libri2Mix_similar_speaker_960h/wav16k/min/test/s2/8463-287645-0013_5142-33396-0037__T1__8463-8463-287645-0013__SIM__4992-4992-41797-0000.wav,/data/tse_cue_project/imported_data/LibriSpeech960/test-clean/8463/294828/8463-294828-0003.flac,/data/tse_cue_project/experiments/fine_grained_cue/usef_tse_tfgridnet/similar_speaker_test_full/usef_tfgridnet_wsj0_2mix/est_wav_8k/8463-287645-0013_5142-33396-0037__T1__8463-8463-287645-0013__SIM__4992-4992-41797-0000.wav
true_local_swap,3,4970-29095-0037_4446-2273-0008__T2__4446-4446-2273-0008__SIM__4992-4992-23283-0015,waveform_global_failure,-53.447947283960815,1.0,1.0,0.0,-0.07794783004846195,-0.13848596968410518,-0.14565572719465358,-57.605951268540274,-67.69874988748447,-76.6643157025958,6,4446,4992,0.4965977966785431,/data/tse_cue_project/datasets/Libri2Mix_similar_speaker_960h/wav16k/min/test/mix_clean/4970-29095-0037_4446-2273-0008__T2__4446-4446-2273-0008__SIM__4992-4992-23283-0015.wav,/data/tse_cue_project/datasets/Libri2Mix_similar_speaker_960h/wav16k/min/test/s1/4970-29095-0037_4446-2273-0008__T2__4446-4446-2273-0008__SIM__4992-4992-23283-0015.wav,/data/tse_cue_project/datasets/Libri2Mix_similar_speaker_960h/wav16k/min/test/s2/4970-29095-0037_4446-2273-0008__T2__4446-4446-2273-0008__SIM__4992-4992-23283-0015.wav,/data/tse_cue_project/imported_data/LibriSpeech960/test-clean/4446/2271/4446-2271-0021.flac,/data/tse_cue_project/experiments/fine_grained_cue/usef_tse_tfgridnet/similar_speaker_test_full/usef_tfgridnet_wsj0_2mix/est_wav_8k/4970-29095-0037_4446-2273-0008__T2__4446-4446-2273-0008__SIM__4992-4992-23283-0015.wav
true_local_swap,4,8555-284447-0006_908-31957-0021__T1__8555-8555-284447-0006__SIM__4970-4970-29095-0029,waveform_global_failure,-51.30506325724568,1.0,1.0,0.0,-0.056229627298348905,-0.08161565725866898,-0.08683866088758596,-71.66507720899249,-96.16956541562664,-115.34196513536855,6,8555,4970,0.37955009937286377,/data/tse_cue_project/datasets/Libri2Mix_similar_speaker_960h/wav16k/min/test/mix_clean/8555-284447-0006_908-31957-0021__T1__8555-8555-284447-0006__SIM__4970-4970-29095-0029.wav,/data/tse_cue_project/datasets/Libri2Mix_similar_speaker_960h/wav16k/min/test/s1/8555-284447-0006_908-31957-0021__T1__8555-8555-284447-0006__SIM__4970-4970-29095-0029.wav,/data/tse_cue_project/datasets/Libri2Mix_similar_speaker_960h/wav16k/min/test/s2/8555-284447-0006_908-31957-0021__T1__8555-8555-284447-0006__SIM__4970-4970-29095-0029.wav,/data/tse_cue_project/imported_data/LibriSpeech960/test-clean/8555/292519/8555-292519-0010.flac,/data/tse_cue_project/experiments/fine_grained_cue/usef_tse_tfgridnet/similar_speaker_test_full/usef_tfgridnet_wsj0_2mix/est_wav_8k/8555-284447-0006_908-31957-0021__T1__8555-8555-284447-0006__SIM__4970-4970-29095-0029.wav
true_local_swap,5,3729-6852-0046_672-122797-0044__T2__672-672-122797-0044__SIM__260-260-123440-0017,waveform_global_failure,-51.2836867190805,1.0,1.0,0.0,-0.0653854618689744,-0.10527549834597139,-0.1284250959462492,-46.46180879467908,-53.473376873098616,-59.49945319794183,5,672,260,0.5427588224411011,/data/tse_cue_project/datasets/Libri2Mix_similar_speaker_960h/wav16k/min/test/mix_clean/3729-6852-0046_672-122797-0044__T2__672-672-122797-0044__SIM__260-260-123440-0017.wav,/data/tse_cue_project/datasets/Libri2Mix_similar_speaker_960h/wav16k/min/test/s1/3729-6852-0046_672-122797-0044__T2__672-672-122797-0044__SIM__260-260-123440-0017.wav,/data/tse_cue_project/datasets/Libri2Mix_similar_speaker_960h/wav16k/min/test/s2/3729-6852-0046_672-122797-0044__T2__672-672-122797-0044__SIM__260-260-123440-0017.wav,/data/tse_cue_project/imported_data/LibriSpeech960/test-clean/672/122797/672-122797-0061.flac,/data/tse_cue_project/experiments/fine_grained_cue/usef_tse_tfgridnet/similar_speaker_test_full/usef_tfgridnet_wsj0_2mix/est_wav_8k/3729-6852-0046_672-122797-0044__T2__672-672-122797-0044__SIM__260-260-123440-0017.wav
local_identity_ambiguity,1,1284-1180-0031_8230-279154-0021__T1__1284-1284-1180-0031__SIM__4446-4446-2275-0031,global_identity_disagreement,20.60857053792841,1.0,0.0,1.0,-0.057292054564539494,-0.09216995442705853,-0.1084333701163035,65.39890083642845,49.470579157729546,43.33493066667394,5,1284,4446,0.4268406331539154,/data/tse_cue_project/datasets/Libri2Mix_similar_speaker_960h/wav16k/min/test/mix_clean/1284-1180-0031_8230-279154-0021__T1__1284-1284-1180-0031__SIM__4446-4446-2275-0031.wav,/data/tse_cue_project/datasets/Libri2Mix_similar_speaker_960h/wav16k/min/test/s1/1284-1180-0031_8230-279154-0021__T1__1284-1284-1180-0031__SIM__4446-4446-2275-0031.wav,/data/tse_cue_project/datasets/Libri2Mix_similar_speaker_960h/wav16k/min/test/s2/1284-1180-0031_8230-279154-0021__T1__1284-1284-1180-0031__SIM__4446-4446-2275-0031.wav,/data/tse_cue_project/imported_data/LibriSpeech960/test-clean/1284/1181/1284-1181-0013.flac,/data/tse_cue_project/experiments/fine_grained_cue/usef_tse_tfgridnet/similar_speaker_test_full/usef_tfgridnet_wsj0_2mix/est_wav_8k/1284-1180-0031_8230-279154-0021__T1__1284-1284-1180-0031__SIM__4446-4446-2275-0031.wav
local_identity_ambiguity,2,4077-13751-0006_8555-292519-0011__T2__8555-8555-292519-0011__SIM__4970-4970-29095-0003,global_identity_disagreement,22.011688628228303,1.0,0.0,1.0,-0.05789076718262178,-0.07293500912433551,-0.0773685559057844,65.25086640931804,55.994944765739874,55.34482170224332,5,8555,4970,0.37955009937286377,/data/tse_cue_project/datasets/Libri2Mix_similar_speaker_960h/wav16k/min/test/mix_clean/4077-13751-0006_8555-292519-0011__T2__8555-8555-292519-0011__SIM__4970-4970-29095-0003.wav,/data/tse_cue_project/datasets/Libri2Mix_similar_speaker_960h/wav16k/min/test/s1/4077-13751-0006_8555-292519-0011__T2__8555-8555-292519-0011__SIM__4970-4970-29095-0003.wav,/data/tse_cue_project/datasets/Libri2Mix_similar_speaker_960h/wav16k/min/test/s2/4077-13751-0006_8555-292519-0011__T2__8555-8555-292519-0011__SIM__4970-4970-29095-0003.wav,/data/tse_cue_project/imported_data/LibriSpeech960/test-clean/8555/292519/8555-292519-0010.flac,/data/tse_cue_project/experiments/fine_grained_cue/usef_tse_tfgridnet/similar_speaker_test_full/usef_tfgridnet_wsj0_2mix/est_wav_8k/4077-13751-0006_8555-292519-0011__T2__8555-8555-292519-0011__SIM__4970-4970-29095-0003.wav
local_identity_ambiguity,3,5683-32865-0015_5639-40744-0015__T1__5683-5683-32865-0015__SIM__237-237-134500-0027,global_identity_disagreement,20.300114619809307,1.0,0.0,1.0,-0.08419016657909056,-0.14904031570463572,-0.17839855809747962,65.0947612821177,44.342958739795904,43.19527046194856,5,5683,237,0.47831958532333374,/data/tse_cue_project/datasets/Libri2Mix_similar_speaker_960h/wav16k/min/test/mix_clean/5683-32865-0015_5639-40744-0015__T1__5683-5683-32865-0015__SIM__237-237-134500-0027.wav,/data/tse_cue_project/datasets/Libri2Mix_similar_speaker_960h/wav16k/min/test/s1/5683-32865-0015_5639-40744-0015__T1__5683-5683-32865-0015__SIM__237-237-134500-0027.wav,/data/tse_cue_project/datasets/Libri2Mix_similar_speaker_960h/wav16k/min/test/s2/5683-32865-0015_5639-40744-0015__T1__5683-5683-32865-0015__SIM__237-237-134500-0027.wav,/data/tse_cue_project/imported_data/LibriSpeech960/test-clean/5683/32879/5683-32879-0011.flac,/data/tse_cue_project/experiments/fine_grained_cue/usef_tse_tfgridnet/similar_speaker_test_full/usef_tfgridnet_wsj0_2mix/est_wav_8k/5683-32865-0015_5639-40744-0015__T1__5683-5683-32865-0015__SIM__237-237-134500-0027.wav
local_identity_ambiguity,4,2094-142345-0058_6930-76324-0008__T1__2094-2094-142345-0058__SIM__1995-1995-1837-0020,global_identity_disagreement,21.679655972426,1.0,0.0,1.0,-0.02493985333600334,-0.03311659228828597,-0.03336998952465531,62.50874400387979,54.16113506653919,52.65907105023441,5,2094,1995,0.399920254945755,/data/tse_cue_project/datasets/Libri2Mix_similar_speaker_960h/wav16k/min/test/mix_clean/2094-142345-0058_6930-76324-0008__T1__2094-2094-142345-0058__SIM__1995-1995-1837-0020.wav,/data/tse_cue_project/datasets/Libri2Mix_similar_speaker_960h/wav16k/min/test/s1/2094-142345-0058_6930-76324-0008__T1__2094-2094-142345-0058__SIM__1995-1995-1837-0020.wav,/data/tse_cue_project/datasets/Libri2Mix_similar_speaker_960h/wav16k/min/test/s2/2094-142345-0058_6930-76324-0008__T1__2094-2094-142345-0058__SIM__1995-1995-1837-0020.wav,/data/tse_cue_project/imported_data/LibriSpeech960/test-clean/2094/142345/2094-142345-0011.flac,/data/tse_cue_project/experiments/fine_grained_cue/usef_tse_tfgridnet/similar_speaker_test_full/usef_tfgridnet_wsj0_2mix/est_wav_8k/2094-142345-0058_6930-76324-0008__T1__2094-2094-142345-0058__SIM__1995-1995-1837-0020.wav
local_identity_ambiguity,5,1995-1837-0011_1580-141084-0009__T1__1995-1995-1837-0011__SIM__2094-2094-142345-0049,global_identity_disagreement,22.216493199399796,1.0,0.0,1.0,-0.062162487399012964,-0.10057980422181736,-0.11123913967093702,61.95386047933109,48.00841355856531,45.63944366248219,5,1995,2094,0.399920254945755,/data/tse_cue_project/datasets/Libri2Mix_similar_speaker_960h/wav16k/min/test/mix_clean/1995-1837-0011_1580-141084-0009__T1__1995-1995-1837-0011__SIM__2094-2094-142345-0049.wav,/data/tse_cue_project/datasets/Libri2Mix_similar_speaker_960h/wav16k/min/test/s1/1995-1837-0011_1580-141084-0009__T1__1995-1995-1837-0011__SIM__2094-2094-142345-0049.wav,/data/tse_cue_project/datasets/Libri2Mix_similar_speaker_960h/wav16k/min/test/s2/1995-1837-0011_1580-141084-0009__T1__1995-1995-1837-0011__SIM__2094-2094-142345-0049.wav,/data/tse_cue_project/imported_data/LibriSpeech960/test-clean/1995/1837/1995-1837-0025.flac,/data/tse_cue_project/experiments/fine_grained_cue/usef_tse_tfgridnet/similar_speaker_test_full/usef_tfgridnet_wsj0_2mix/est_wav_8k/1995-1837-0011_1580-141084-0009__T1__1995-1995-1837-0011__SIM__2094-2094-142345-0049.wav
global_identity_disagreement,1,6829-68769-0031_260-123440-0014__T1__6829-6829-68769-0031__SIM__4970-4970-29095-0029,global_identity_disagreement,23.892643101490965,1.0,0.0,1.0,-0.03022504663905722,-0.055233183076173226,-0.06865629615666108,61.09176500376497,51.05944490253755,49.77157085021628,6,6829,4970,0.40176182985305786,/data/tse_cue_project/datasets/Libri2Mix_similar_speaker_960h/wav16k/min/test/mix_clean/6829-68769-0031_260-123440-0014__T1__6829-6829-68769-0031__SIM__4970-4970-29095-0029.wav,/data/tse_cue_project/datasets/Libri2Mix_similar_speaker_960h/wav16k/min/test/s1/6829-68769-0031_260-123440-0014__T1__6829-6829-68769-0031__SIM__4970-4970-29095-0029.wav,/data/tse_cue_project/datasets/Libri2Mix_similar_speaker_960h/wav16k/min/test/s2/6829-68769-0031_260-123440-0014__T1__6829-6829-68769-0031__SIM__4970-4970-29095-0029.wav,/data/tse_cue_project/imported_data/LibriSpeech960/test-clean/6829/68771/6829-68771-0029.flac,/data/tse_cue_project/experiments/fine_grained_cue/usef_tse_tfgridnet/similar_speaker_test_full/usef_tfgridnet_wsj0_2mix/est_wav_8k/6829-68769-0031_260-123440-0014__T1__6829-6829-68769-0031__SIM__4970-4970-29095-0029.wav
global_identity_disagreement,2,1995-1837-0015_1580-141083-0012__T1__1995-1995-1837-0015__SIM__2094-2094-142345-0053,global_identity_disagreement,22.354981836568225,1.0,0.0,1.0,-0.07693804427095588,-0.12159348483085614,-0.1301636073782647,53.471383200498416,50.209002051215094,49.77332842829145,5,1995,2094,0.399920254945755,/data/tse_cue_project/datasets/Libri2Mix_similar_speaker_960h/wav16k/min/test/mix_clean/1995-1837-0015_1580-141083-0012__T1__1995-1995-1837-0015__SIM__2094-2094-142345-0053.wav,/data/tse_cue_project/datasets/Libri2Mix_similar_speaker_960h/wav16k/min/test/s1/1995-1837-0015_1580-141083-0012__T1__1995-1995-1837-0015__SIM__2094-2094-142345-0053.wav,/data/tse_cue_project/datasets/Libri2Mix_similar_speaker_960h/wav16k/min/test/s2/1995-1837-0015_1580-141083-0012__T1__1995-1995-1837-0015__SIM__2094-2094-142345-0053.wav,/data/tse_cue_project/imported_data/LibriSpeech960/test-clean/1995/1837/1995-1837-0025.flac,/data/tse_cue_project/experiments/fine_grained_cue/usef_tse_tfgridnet/similar_speaker_test_full/usef_tfgridnet_wsj0_2mix/est_wav_8k/1995-1837-0015_1580-141083-0012__T1__1995-1995-1837-0015__SIM__2094-2094-142345-0053.wav
global_identity_disagreement,3,4970-29093-0008_1995-1826-0004__T2__1995-1995-1826-0004__SIM__2094-2094-142345-0032,global_identity_disagreement,22.29025291407944,1.0,0.0,1.0,-0.08069550868057782,-0.15441302068726734,-0.2010673364162645,47.89756142867545,43.881952330470305,43.608832663182596,5,1995,2094,0.399920254945755,/data/tse_cue_project/datasets/Libri2Mix_similar_speaker_960h/wav16k/min/test/mix_clean/4970-29093-0008_1995-1826-0004__T2__1995-1995-1826-0004__SIM__2094-2094-142345-0032.wav,/data/tse_cue_project/datasets/Libri2Mix_similar_speaker_960h/wav16k/min/test/s1/4970-29093-0008_1995-1826-0004__T2__1995-1995-1826-0004__SIM__2094-2094-142345-0032.wav,/data/tse_cue_project/datasets/Libri2Mix_similar_speaker_960h/wav16k/min/test/s2/4970-29093-0008_1995-1826-0004__T2__1995-1995-1826-0004__SIM__2094-2094-142345-0032.wav,/data/tse_cue_project/imported_data/LibriSpeech960/test-clean/1995/1837/1995-1837-0025.flac,/data/tse_cue_project/experiments/fine_grained_cue/usef_tse_tfgridnet/similar_speaker_test_full/usef_tfgridnet_wsj0_2mix/est_wav_8k/4970-29093-0008_1995-1826-0004__T2__1995-1995-1826-0004__SIM__2094-2094-142345-0032.wav
global_identity_disagreement,4,1995-1837-0011_1580-141084-0009__T1__1995-1995-1837-0011__SIM__2094-2094-142345-0049,global_identity_disagreement,22.216493199399796,1.0,0.0,1.0,-0.062162487399012964,-0.10057980422181736,-0.11123913967093702,61.95386047933109,48.00841355856531,45.63944366248219,5,1995,2094,0.399920254945755,/data/tse_cue_project/datasets/Libri2Mix_similar_speaker_960h/wav16k/min/test/mix_clean/1995-1837-0011_1580-141084-0009__T1__1995-1995-1837-0011__SIM__2094-2094-142345-0049.wav,/data/tse_cue_project/datasets/Libri2Mix_similar_speaker_960h/wav16k/min/test/s1/1995-1837-0011_1580-141084-0009__T1__1995-1995-1837-0011__SIM__2094-2094-142345-0049.wav,/data/tse_cue_project/datasets/Libri2Mix_similar_speaker_960h/wav16k/min/test/s2/1995-1837-0011_1580-141084-0009__T1__1995-1995-1837-0011__SIM__2094-2094-142345-0049.wav,/data/tse_cue_project/imported_data/LibriSpeech960/test-clean/1995/1837/1995-1837-0025.flac,/data/tse_cue_project/experiments/fine_grained_cue/usef_tse_tfgridnet/similar_speaker_test_full/usef_tfgridnet_wsj0_2mix/est_wav_8k/1995-1837-0011_1580-141084-0009__T1__1995-1995-1837-0011__SIM__2094-2094-142345-0049.wav
global_identity_disagreement,5,5142-33396-0026_8455-210777-0059__T1__5142-5142-33396-0026__SIM__4970-4970-29093-0009,global_identity_disagreement,22.150768006088654,1.0,0.0,1.0,-0.02939683738792568,-0.05227736726156633,-0.06636455522368856,55.79684449965955,49.30812668143447,49.13656729120102,5,5142,4970,0.3367147445678711,/data/tse_cue_project/datasets/Libri2Mix_similar_speaker_960h/wav16k/min/test/mix_clean/5142-33396-0026_8455-210777-0059__T1__5142-5142-33396-0026__SIM__4970-4970-29093-0009.wav,/data/tse_cue_project/datasets/Libri2Mix_similar_speaker_960h/wav16k/min/test/s1/5142-33396-0026_8455-210777-0059__T1__5142-5142-33396-0026__SIM__4970-4970-29093-0009.wav,/data/tse_cue_project/datasets/Libri2Mix_similar_speaker_960h/wav16k/min/test/s2/5142-33396-0026_8455-210777-0059__T1__5142-5142-33396-0026__SIM__4970-4970-29093-0009.wav,/data/tse_cue_project/imported_data/LibriSpeech960/test-clean/5142/33396/5142-33396-0065.flac,/data/tse_cue_project/experiments/fine_grained_cue/usef_tse_tfgridnet/similar_speaker_test_full/usef_tfgridnet_wsj0_2mix/est_wav_8k/5142-33396-0026_8455-210777-0059__T1__5142-5142-33396-0026__SIM__4970-4970-29093-0009.wav
recovery_candidate,1,6829-68771-0019_4992-41806-0001__T1__6829-6829-68771-0019__SIM__4970-4970-29095-0001,local_identity_ambiguity,19.79630733000988,0.46153846153846156,0.0,0.46153846153846156,-0.0013123539680806296,-0.050487418089812205,-0.09379940714217166,48.36707022337793,39.84255285926672,34.973879893392706,6,6829,4970,0.40176182985305786,/data/tse_cue_project/datasets/Libri2Mix_similar_speaker_960h/wav16k/min/test/mix_clean/6829-68771-0019_4992-41806-0001__T1__6829-6829-68771-0019__SIM__4970-4970-29095-0001.wav,/data/tse_cue_project/datasets/Libri2Mix_similar_speaker_960h/wav16k/min/test/s1/6829-68771-0019_4992-41806-0001__T1__6829-6829-68771-0019__SIM__4970-4970-29095-0001.wav,/data/tse_cue_project/datasets/Libri2Mix_similar_speaker_960h/wav16k/min/test/s2/6829-68771-0019_4992-41806-0001__T1__6829-6829-68771-0019__SIM__4970-4970-29095-0001.wav,/data/tse_cue_project/imported_data/LibriSpeech960/test-clean/6829/68771/6829-68771-0029.flac,/data/tse_cue_project/experiments/fine_grained_cue/usef_tse_tfgridnet/similar_speaker_test_full/usef_tfgridnet_wsj0_2mix/est_wav_8k/6829-68771-0019_4992-41806-0001__T1__6829-6829-68771-0019__SIM__4970-4970-29095-0001.wav
recovery_candidate,2,1221-135766-0009_5142-33396-0058__T1__1221-1221-135766-0009__SIM__4992-4992-41797-0021,local_identity_ambiguity,17.981749685446875,0.4666666666666667,0.0,0.4666666666666667,0.0457130806771783,-0.08608261091697691,-0.1222509717332948,53.02626721970562,45.88611511317943,42.72970900939364,6,1221,4992,0.4118971824645996,/data/tse_cue_project/datasets/Libri2Mix_similar_speaker_960h/wav16k/min/test/mix_clean/1221-135766-0009_5142-33396-0058__T1__1221-1221-135766-0009__SIM__4992-4992-41797-0021.wav,/data/tse_cue_project/datasets/Libri2Mix_similar_speaker_960h/wav16k/min/test/s1/1221-135766-0009_5142-33396-0058__T1__1221-1221-135766-0009__SIM__4992-4992-41797-0021.wav,/data/tse_cue_project/datasets/Libri2Mix_similar_speaker_960h/wav16k/min/test/s2/1221-135766-0009_5142-33396-0058__T1__1221-1221-135766-0009__SIM__4992-4992-41797-0021.wav,/data/tse_cue_project/imported_data/LibriSpeech960/test-clean/1221/135767/1221-135767-0019.flac,/data/tse_cue_project/experiments/fine_grained_cue/usef_tse_tfgridnet/similar_speaker_test_full/usef_tfgridnet_wsj0_2mix/est_wav_8k/1221-135766-0009_5142-33396-0058__T1__1221-1221-135766-0009__SIM__4992-4992-41797-0021.wav
recovery_candidate,3,6930-75918-0010_6829-68769-0018__T2__6829-6829-68769-0018__SIM__4970-4970-29095-0031,local_identity_ambiguity,21.97554188850905,0.46153846153846156,0.0,0.46153846153846156,0.013834766598675155,-0.04712292457748476,-0.0963958482536626,57.53050572517519,47.36292139445568,45.41259536930341,5,6829,4970,0.40176182985305786,/data/tse_cue_project/datasets/Libri2Mix_similar_speaker_960h/wav16k/min/test/mix_clean/6930-75918-0010_6829-68769-0018__T2__6829-6829-68769-0018__SIM__4970-4970-29095-0031.wav,/data/tse_cue_project/datasets/Libri2Mix_similar_speaker_960h/wav16k/min/test/s1/6930-75918-0010_6829-68769-0018__T2__6829-6829-68769-0018__SIM__4970-4970-29095-0031.wav,/data/tse_cue_project/datasets/Libri2Mix_similar_speaker_960h/wav16k/min/test/s2/6930-75918-0010_6829-68769-0018__T2__6829-6829-68769-0018__SIM__4970-4970-29095-0031.wav,/data/tse_cue_project/imported_data/LibriSpeech960/test-clean/6829/68771/6829-68771-0029.flac,/data/tse_cue_project/experiments/fine_grained_cue/usef_tse_tfgridnet/similar_speaker_test_full/usef_tfgridnet_wsj0_2mix/est_wav_8k/6930-75918-0010_6829-68769-0018__T2__6829-6829-68769-0018__SIM__4970-4970-29095-0031.wav
recovery_candidate,4,908-157963-0022_1089-134686-0023__T2__1089-1089-134686-0023__SIM__8230-8230-279154-0040,local_identity_ambiguity,21.768750696591276,0.24,0.0,0.24,0.03926827075855771,-0.014583354896702625,-0.07246568654087482,52.40108246958519,43.584979342922864,42.3807713078137,5,1089,8230,0.4516007602214813,/data/tse_cue_project/datasets/Libri2Mix_similar_speaker_960h/wav16k/min/test/mix_clean/908-157963-0022_1089-134686-0023__T2__1089-1089-134686-0023__SIM__8230-8230-279154-0040.wav,/data/tse_cue_project/datasets/Libri2Mix_similar_speaker_960h/wav16k/min/test/s1/908-157963-0022_1089-134686-0023__T2__1089-1089-134686-0023__SIM__8230-8230-279154-0040.wav,/data/tse_cue_project/datasets/Libri2Mix_similar_speaker_960h/wav16k/min/test/s2/908-157963-0022_1089-134686-0023__T2__1089-1089-134686-0023__SIM__8230-8230-279154-0040.wav,/data/tse_cue_project/imported_data/LibriSpeech960/test-clean/1089/134686/1089-134686-0017.flac,/data/tse_cue_project/experiments/fine_grained_cue/usef_tse_tfgridnet/similar_speaker_test_full/usef_tfgridnet_wsj0_2mix/est_wav_8k/908-157963-0022_1089-134686-0023__T2__1089-1089-134686-0023__SIM__8230-8230-279154-0040.wav
recovery_candidate,5,5105-28240-0019_1320-122612-0015__T1__5105-5105-28240-0019__SIM__1320-1320-122617-0009,local_identity_ambiguity,21.721081254442517,0.45454545454545453,0.0,0.45454545454545453,0.012227444827821428,-0.07623762194255124,-0.10221189056059005,49.89321016919564,40.71264095597853,39.98387278658369,5,5105,1320,0.49767372012138367,/data/tse_cue_project/datasets/Libri2Mix_similar_speaker_960h/wav16k/min/test/mix_clean/5105-28240-0019_1320-122612-0015__T1__5105-5105-28240-0019__SIM__1320-1320-122617-0009.wav,/data/tse_cue_project/datasets/Libri2Mix_similar_speaker_960h/wav16k/min/test/s1/5105-28240-0019_1320-122612-0015__T1__5105-5105-28240-0019__SIM__1320-1320-122617-0009.wav,/data/tse_cue_project/datasets/Libri2Mix_similar_speaker_960h/wav16k/min/test/s2/5105-28240-0019_1320-122612-0015__T1__5105-5105-28240-0019__SIM__1320-1320-122617-0009.wav,/data/tse_cue_project/imported_data/LibriSpeech960/test-clean/5105/28233/5105-28233-0005.flac,/data/tse_cue_project/experiments/fine_grained_cue/usef_tse_tfgridnet/similar_speaker_test_full/usef_tfgridnet_wsj0_2mix/est_wav_8k/5105-28240-0019_1320-122612-0015__T1__5105-5105-28240-0019__SIM__1320-1320-122617-0009.wav
