key,usef_sisnri,tfc_sisnri,tfc_sisdr,usef_drift_rate,tfc_drift_rate,usef_low_sisnri,usef_good_sisnri,usef_high_drift,usef_any_drift,usef_low_high_drift,usef_good_high_drift,tfc_low_sisnri,tfc_good_sisnri,tfc_high_drift,tfc_any_drift,tfc_low_high_drift,tfc_good_high_drift,case_type,sisnri_gap_tfc_minus_usef
672-122797-0016_8463-294828-0006__T2__SCV3TTSENR__8463-8463-294828-0006__VOICE__672,-55.92316953787355,-13.316825107865274,-8.492505855711514,0.9230769230769232,0.2307692307692307,True,False,True,True,True,False,True,False,True,True,True,False,Both models tail with high content drift,42.60634443000828
6829-68769-0028_4446-2273-0010__T2__SCV3TTSENR__4446-4446-2273-0010__VOICE__6829,-61.153725894568254,-23.611710347125435,-26.160002265149647,1.0,1.0,True,False,True,True,True,False,True,False,True,True,True,False,Both models tail with high content drift,37.542015547442816
3575-170457-0044_4446-2273-0004__T2__SCV3TTSENR__4446-4446-2273-0004__VOICE__3575,-69.79523594279549,-34.90617065444194,-31.81737524646173,1.0,0.8888888888888888,True,False,True,True,True,False,True,False,True,True,True,False,Both models tail with high content drift,34.88906528835355
7021-85628-0022_2300-131720-0014__T1__SCV3TTSENR__7021-7021-85628-0022__VOICE__2300,-70.09613866807277,-36.80813576403525,-31.166893524595835,1.0,1.0,True,False,True,True,True,False,True,False,True,True,True,False,Both models tail with high content drift,33.28800290403752
8463-294828-0009_5142-33396-0025__T1__SCV3TTSENR__8463-8463-294828-0009__VOICE__5142,-41.044480108917824,-8.560353510999361,-12.034215756059744,1.0,0.8,True,False,True,True,True,False,True,False,True,True,True,False,Both models tail with high content drift,32.48412659791846
5683-32866-0018_8463-294825-0012__T2__SCV3TTSENR__8463-8463-294825-0012__VOICE__5683,-45.55561203555721,-13.65291331530054,-15.695708146507164,1.0,1.0,True,False,True,True,True,False,True,False,True,True,True,False,Both models tail with high content drift,31.902698720256673
1995-1826-0007_4446-2275-0043__T2__SCV3TTSENR__4446-4446-2275-0043__VOICE__1995,-64.20127138646535,-34.23639001260795,-30.6183172559148,0.8,0.8,True,False,True,True,True,False,True,False,True,True,True,False,Both models tail with high content drift,29.964881373857402
237-126133-0006_8463-294828-0033__T2__SCV3TTSENR__8463-8463-294828-0033__VOICE__237,-53.85236898869935,-24.294480642178925,-23.11293718182713,1.0,1.0,True,False,True,True,True,False,True,False,True,True,True,False,Both models tail with high content drift,29.55788834652042
4446-2273-0001_1089-134691-0018__T1__SCV3TTSENR__4446-4446-2273-0001__VOICE__1089,-63.68443001359703,-34.17434913691059,-28.876378257786943,0.8,1.0,True,False,True,True,True,False,True,False,True,True,True,False,Both models tail with high content drift,29.510080876686438
5142-33396-0009_8463-294828-0027__T2__SCV3TTSENR__8463-8463-294828-0027__VOICE__5142,-52.7878024568976,-24.876912496915743,-19.140204732191293,1.0,1.0,True,False,True,True,True,False,True,False,True,True,True,False,Both models tail with high content drift,27.91088995998186
1221-135767-0024_8555-284449-0015__T1__SCV3TTSENR__1221-1221-135767-0024__VOICE__8555,-33.088966570156806,-6.210836934152163,-6.610551588385773,1.0,0.4444444444444444,True,False,True,True,True,False,True,False,True,True,True,False,Both models tail with high content drift,26.878129636004644
2830-3980-0004_4446-2275-0008__T2__SCV3TTSENR__4446-4446-2275-0008__VOICE__2830,-30.798764649515995,-5.060294845571211,-5.579863317226987,0.6666666666666666,0.3333333333333333,True,False,True,True,True,False,True,False,True,True,True,False,Both models tail with high content drift,25.738469803944785
672-122797-0060_8455-210777-0038__T1__SCV3TTSENR__672-672-122797-0060__VOICE__8455,-60.15709102192572,-34.65579521285046,-41.68197511777997,1.0,1.0,True,False,True,True,True,False,True,False,True,True,True,False,Both models tail with high content drift,25.501295809075266
8463-294828-0000_237-134500-0037__T1__SCV3TTSENR__8463-8463-294828-0000__VOICE__237,-61.790869080217526,-37.01764037745081,-36.83351978764933,1.0,1.0,True,False,True,True,True,False,True,False,True,True,True,False,Both models tail with high content drift,24.773228702766716
1089-134691-0020_7021-85628-0000__T2__SCV3TTSENR__7021-7021-85628-0000__VOICE__1089,-56.90657721973518,-32.411951952570114,-33.37438517830471,1.0,0.8,True,False,True,True,True,False,True,False,True,True,True,False,Both models tail with high content drift,24.49462526716507
1284-1180-0018_4446-2275-0035__T2__SCV3TTSENR__4446-4446-2275-0035__VOICE__1284,-41.111070222363615,-16.811181751245208,-26.632639033684804,1.0,1.0,True,False,True,True,True,False,True,False,True,True,True,False,Both models tail with high content drift,24.299888471118408
6829-68771-0014_4446-2273-0027__T2__SCV3TTSENR__4446-4446-2273-0027__VOICE__6829,-25.36331936934374,-1.085147192786426,-8.04740075550852,1.0,0.5,True,False,True,True,True,False,True,False,True,True,True,False,Both models tail with high content drift,24.278172176557312
4446-2275-0042_3570-5696-0004__T1__SCV3TTSENR__4446-4446-2275-0042__VOICE__3570,-61.15642482292258,-39.14137123569721,-42.03651686947917,1.0,1.0,True,False,True,True,True,False,True,False,True,True,True,False,Both models tail with high content drift,22.015053587225374
4446-2273-0019_8555-284447-0022__T1__SCV3TTSENR__4446-4446-2273-0019__VOICE__8555,-33.56922971673624,-11.852624896224548,-13.087185248591153,1.0,0.6,True,False,True,True,True,False,True,False,True,True,True,False,Both models tail with high content drift,21.71660482051169
908-157963-0010_260-123440-0010__T2__SCV3TTSENR__260-260-123440-0010__VOICE__908,-34.22689804962009,-12.877537684030283,-10.066485052227067,0.9090909090909092,0.6363636363636364,True,False,True,True,True,False,True,False,True,True,True,False,Both models tail with high content drift,21.349360365589806
260-123286-0028_4446-2273-0035__T2__SCV3TTSENR__4446-4446-2273-0035__VOICE__260,-43.30896131717811,-22.19276794662325,-21.25881550831064,1.0,1.0,True,False,True,True,True,False,True,False,True,True,True,False,Both models tail with high content drift,21.11619337055486
4446-2273-0023_260-123288-0011__T1__SCV3TTSENR__4446-4446-2273-0023__VOICE__260,-58.76945909571364,-37.83554759974599,-39.35692478322161,1.0,1.0,True,False,True,True,True,False,True,False,True,True,True,False,Both models tail with high content drift,20.93391149596765
2300-131720-0037_7021-79740-0013__T2__SCV3TTSENR__7021-7021-79740-0013__VOICE__2300,-40.27629023839316,-21.018134932840404,-15.944208894613606,0.9230769230769232,0.7692307692307693,True,False,True,True,True,False,True,False,True,True,True,False,Both models tail with high content drift,19.258155305552755
2094-142345-0012_4446-2275-0026__T2__SCV3TTSENR__4446-4446-2275-0026__VOICE__2094,-50.19941856208796,-30.98343987728849,-31.81493054297701,1.0,0.8888888888888888,True,False,True,True,True,False,True,False,True,True,True,False,Both models tail with high content drift,19.215978684799474
8463-294828-0031_6829-68769-0051__T1__SCV3TTSENR__8463-8463-294828-0031__VOICE__6829,-47.49898689270385,-28.68126321074846,-24.93407435594044,1.0,1.0,True,False,True,True,True,False,True,False,True,True,True,False,Both models tail with high content drift,18.817723681955385
8230-279154-0030_61-70970-0030__T2__SCV3TTSENR__61-61-70970-0030__VOICE__8230,-37.1496624953402,-19.22292490825222,-13.624977461297448,1.0,0.8,True,False,True,True,True,False,True,False,True,True,True,False,Both models tail with high content drift,17.92673758708798
1580-141083-0041_8463-294828-0011__T2__SCV3TTSENR__8463-8463-294828-0011__VOICE__1580,-32.57826819353815,-15.518510098309651,-13.191554762196189,1.0,0.8333333333333334,True,False,True,True,True,False,True,False,True,True,True,False,Both models tail with high content drift,17.0597580952285
4446-2273-0009_8463-287645-0001__T1__SCV3TTSENR__4446-4446-2273-0009__VOICE__8463,-39.53266537121683,-23.0966605104378,-22.09609492284424,0.8333333333333334,1.0,True,False,True,True,True,False,True,False,True,True,True,False,Both models tail with high content drift,16.43600486077903
4446-2273-0001_1580-141083-0029__T1__SCV3TTSENR__4446-4446-2273-0001__VOICE__1580,-41.82928255684699,-25.427013714978195,-20.62339116949424,1.0,0.875,True,False,True,True,True,False,True,False,True,True,True,False,Both models tail with high content drift,16.402268841868796
61-70970-0011_8230-279154-0028__T1__SCV3TTSENR__61-61-70970-0011__VOICE__8230,-42.95237955305839,-26.582103085239464,-28.77222196479719,0.9090909090909092,0.9090909090909092,True,False,True,True,True,False,True,False,True,True,True,False,Both models tail with high content drift,16.37027646781893
260-123440-0013_8230-279154-0016__T1__SCV3TTSENR__260-260-123440-0013__VOICE__8230,-49.80174853508239,-33.4915210625625,-29.88446689004387,1.0,0.8,True,False,True,True,True,False,True,False,True,True,True,False,Both models tail with high content drift,16.31022747251989
5105-28241-0005_672-122797-0051__T2__SCV3TTSENR__672-672-122797-0051__VOICE__5105,-17.380878137925936,-1.765461758626856,0.0460678123913532,0.625,0.375,True,False,True,True,True,False,True,False,True,True,True,False,Both models tail with high content drift,15.61541637929908
672-122797-0036_7176-92135-0020__T1__SCV3TTSENR__672-672-122797-0036__VOICE__7176,-44.20395228553489,-28.92404931458492,-31.793247622719075,0.8888888888888888,0.8888888888888888,True,False,True,True,True,False,True,False,True,True,True,False,Both models tail with high content drift,15.27990297094997
672-122797-0006_5683-32865-0017__T2__SCV3TTSENR__5683-5683-32865-0017__VOICE__672,-33.72985813041065,-18.98524515188152,-17.01866928418371,1.0,1.0,True,False,True,True,True,False,True,False,True,True,True,False,Both models tail with high content drift,14.744612978529126
260-123288-0012_4446-2273-0009__T2__SCV3TTSENR__4446-4446-2273-0009__VOICE__260,-48.36235134368281,-33.69969525705843,-34.965217523523584,1.0,0.8333333333333334,True,False,True,True,True,False,True,False,True,True,True,False,Both models tail with high content drift,14.66265608662438
8463-294828-0017_4446-2273-0027__T1__SCV3TTSENR__8463-8463-294828-0017__VOICE__4446,-40.81330994004,-26.68309430485463,-23.38122207761116,1.0,1.0,True,False,True,True,True,False,True,False,True,True,True,False,Both models tail with high content drift,14.130215635185369
1284-1180-0011_4446-2275-0043__T2__SCV3TTSENR__4446-4446-2275-0043__VOICE__1284,-47.49740524786458,-33.55612621459727,-33.75980403452338,1.0,1.0,True,False,True,True,True,False,True,False,True,True,True,False,Both models tail with high content drift,13.941279033267307
1089-134691-0020_908-31957-0004__T1__SCV3TTSENR__1089-1089-134691-0020__VOICE__908,-38.67858749486588,-24.8498819092133,-27.33026410079763,1.0,1.0,True,False,True,True,True,False,True,False,True,True,True,False,Both models tail with high content drift,13.828705585652582
4446-2273-0028_237-126133-0018__T1__SCV3TTSENR__4446-4446-2273-0028__VOICE__237,-47.33424903698808,-33.7208990862702,-32.34687490546956,1.0,0.8571428571428571,True,False,True,True,True,False,True,False,True,True,True,False,Both models tail with high content drift,13.613349950717883
1284-1181-0011_4446-2273-0036__T2__SCV3TTSENR__4446-4446-2273-0036__VOICE__1284,-42.63943121245105,-29.57198702500139,-30.98277411827153,1.0,1.0,True,False,True,True,True,False,True,False,True,True,True,False,Both models tail with high content drift,13.06744418744966
4446-2273-0021_7176-92135-0024__T1__SCV3TTSENR__4446-4446-2273-0021__VOICE__7176,-39.95756812427005,-27.015158877952267,-25.2180438961396,1.0,1.0,True,False,True,True,True,False,True,False,True,True,True,False,Both models tail with high content drift,12.94240924631778
237-134500-0000_1221-135767-0018__T2__SCV3TTSENR__1221-1221-135767-0018__VOICE__237,-27.781281790583275,-14.848456244501463,-15.517527759261558,1.0,0.7272727272727273,True,False,True,True,True,False,True,False,True,True,True,False,Both models tail with high content drift,12.932825546081812
1089-134691-0019_672-122797-0023__T2__SCV3TTSENR__672-672-122797-0023__VOICE__1089,-35.84660648940152,-22.98419265955928,-29.036069780329058,1.0,1.0,True,False,True,True,True,False,True,False,True,True,True,False,Both models tail with high content drift,12.862413829842243
4446-2271-0001_8463-294828-0007__T2__SCV3TTSENR__8463-8463-294828-0007__VOICE__4446,-38.1551121013326,-25.326222472107823,-25.619436644389268,1.0,0.8181818181818182,True,False,True,True,True,False,True,False,True,True,True,False,Both models tail with high content drift,12.828889629224776
4970-29095-0037_4446-2273-0008__T2__SCV3TTSENR__4446-4446-2273-0008__VOICE__4970,-42.6044026302357,-29.99508432492705,-33.97290216277533,1.0,1.0,True,False,True,True,True,False,True,False,True,True,True,False,Both models tail with high content drift,12.609318305308648
4446-2273-0018_2094-142345-0005__T1__SCV3TTSENR__4446-4446-2273-0018__VOICE__2094,-42.80036638571438,-30.864479597234272,-38.408916067643005,1.0,0.8,True,False,True,True,True,False,True,False,True,True,True,False,Both models tail with high content drift,11.935886788480111
260-123288-0011_4446-2275-0029__T2__SCV3TTSENR__4446-4446-2275-0029__VOICE__260,-31.523383447180173,-19.985191515388504,-24.81224477351713,1.0,1.0,True,False,True,True,True,False,True,False,True,True,True,False,Both models tail with high content drift,11.538191931791669
2094-142345-0027_4446-2273-0028__T2__SCV3TTSENR__4446-4446-2273-0028__VOICE__2094,-33.2475937886638,-22.165066022712587,-27.53096733076933,1.0,1.0,True,False,True,True,True,False,True,False,True,True,True,False,Both models tail with high content drift,11.082527765951212
8455-210777-0017_672-122797-0038__T2__SCV3TTSENR__672-672-122797-0038__VOICE__8455,-34.400776798369506,-23.805875712451385,-22.131046591080505,1.0,1.0,True,False,True,True,True,False,True,False,True,True,True,False,Both models tail with high content drift,10.59490108591812
2830-3980-0051_4446-2273-0029__T2__SCV3TTSENR__4446-4446-2273-0029__VOICE__2830,-51.52044622203435,-41.17067964250632,-40.64063000296908,1.0,1.0,True,False,True,True,True,False,True,False,True,True,True,False,Both models tail with high content drift,10.34976657952803
4446-2275-0007_121-121726-0012__T1__SCV3TTSENR__4446-4446-2275-0007__VOICE__121,-44.478665445954015,-34.17864042985435,-30.86850961951125,1.0,1.0,True,False,True,True,True,False,True,False,True,True,True,False,Both models tail with high content drift,10.300025016099667
672-122797-0012_260-123440-0002__T1__SCV3TTSENR__672-672-122797-0012__VOICE__260,-28.79309887223595,-19.198396219285588,-20.90409311086131,0.8571428571428571,0.8571428571428571,True,False,True,True,True,False,True,False,True,True,True,False,Both models tail with high content drift,9.594702652950364
4970-29095-0038_5142-33396-0003__T1__SCV3TTSENR__4970-4970-29095-0038__VOICE__5142,-34.816397623024166,-25.2384283798827,-23.46602395272236,1.0,1.0,True,False,True,True,True,False,True,False,True,True,True,False,Both models tail with high content drift,9.577969243141467
4446-2273-0023_6829-68769-0002__T1__SCV3TTSENR__4446-4446-2273-0023__VOICE__6829,-38.763166054781095,-29.293923897682603,-27.12285913807664,0.8,1.0,True,False,True,True,True,False,True,False,True,True,True,False,Both models tail with high content drift,9.469242157098492
4446-2273-0003_6829-68771-0005__T1__SCV3TTSENR__4446-4446-2273-0003__VOICE__6829,-38.12251087523107,-28.93229650931599,-30.14932244669886,0.9090909090909092,1.0,True,False,True,True,True,False,True,False,True,True,True,False,Both models tail with high content drift,9.190214365915082
5683-32879-0010_8463-294828-0036__T2__SCV3TTSENR__8463-8463-294828-0036__VOICE__5683,-43.49561918605607,-34.79708220044513,-30.0379989894488,1.0,1.0,True,False,True,True,True,False,True,False,True,True,True,False,Both models tail with high content drift,8.698536985610936
8463-294828-0001_4507-16021-0028__T1__SCV3TTSENR__8463-8463-294828-0001__VOICE__4507,-41.38184246167849,-32.77223632183509,-34.26198300149758,1.0,1.0,True,False,True,True,True,False,True,False,True,True,True,False,Both models tail with high content drift,8.6096061398434
7127-75947-0018_5105-28240-0016__T2__SCV3TTSENR__5105-5105-28240-0016__VOICE__7127,-28.19243623616737,-19.823193225383257,-19.182392020622324,0.8571428571428571,1.0,True,False,True,True,True,False,True,False,True,True,True,False,Both models tail with high content drift,8.369243010784114
5105-28240-0003_672-122797-0019__T2__SCV3TTSENR__672-672-122797-0019__VOICE__5105,-23.138178454282897,-14.83266309521254,-16.346358666250666,1.0,1.0,True,False,True,True,True,False,True,False,True,True,True,False,Both models tail with high content drift,8.305515359070357
672-122797-0068_7127-75947-0024__T1__SCV3TTSENR__672-672-122797-0068__VOICE__7127,-28.74877395862392,-20.446559920954986,-25.972705548670447,1.0,1.0,True,False,True,True,True,False,True,False,True,True,True,False,Both models tail with high content drift,8.302214037668936
5639-40744-0033_4446-2273-0035__T2__SCV3TTSENR__4446-4446-2273-0035__VOICE__5639,-64.69057902768868,-56.691608962321496,-51.09123024457983,1.0,0.9090909090909092,True,False,True,True,True,False,True,False,True,True,True,False,Both models tail with high content drift,7.998970065367189
5142-33396-0028_4970-29095-0026__T2__SCV3TTSENR__4970-4970-29095-0026__VOICE__5142,-23.66926928778046,-15.69075853177133,-12.880715572479618,1.0,1.0,True,False,True,True,True,False,True,False,True,True,True,False,Both models tail with high content drift,7.978510756009129
260-123440-0007_1320-122612-0005__T1__SCV3TTSENR__260-260-123440-0007__VOICE__1320,-44.86490850757698,-36.8960228059002,-36.16959904959364,1.0,1.0,True,False,True,True,True,False,True,False,True,True,True,False,Both models tail with high content drift,7.968885701676776
260-123440-0011_1320-122617-0016__T1__SCV3TTSENR__260-260-123440-0011__VOICE__1320,-45.70736120797234,-37.79223321238224,-39.32469879671499,1.0,1.0,True,False,True,True,True,False,True,False,True,True,True,False,Both models tail with high content drift,7.9151279955900975
4507-16021-0024_4446-2273-0034__T2__SCV3TTSENR__4446-4446-2273-0034__VOICE__4507,-38.97928196087404,-31.0970182554066,-33.38009208373588,1.0,1.0,True,False,True,True,True,False,True,False,True,True,True,False,Both models tail with high content drift,7.882263705467441
4446-2273-0004_6829-68769-0009__T1__SCV3TTSENR__4446-4446-2273-0004__VOICE__6829,-43.56360965810734,-35.684865512321394,-31.791645808503304,1.0,0.8571428571428571,True,False,True,True,True,False,True,False,True,True,True,False,Both models tail with high content drift,7.878744145785944
4446-2273-0034_1284-1180-0005__T1__SCV3TTSENR__4446-4446-2273-0034__VOICE__1284,-40.50716156436086,-32.831640233932376,-36.3228083777539,0.8333333333333334,1.0,True,False,True,True,True,False,True,False,True,True,True,False,Both models tail with high content drift,7.675521330428481
4446-2275-0006_2300-131720-0005__T1__SCV3TTSENR__4446-4446-2275-0006__VOICE__2300,-37.776350576549824,-30.382840846245244,-33.59909762886075,1.0,1.0,True,False,True,True,True,False,True,False,True,True,True,False,Both models tail with high content drift,7.393509730304579
4446-2273-0008_260-123440-0009__T1__SCV3TTSENR__4446-4446-2273-0008__VOICE__260,-39.62823527370119,-32.40951990882952,-33.73943296721575,1.0,1.0,True,False,True,True,True,False,True,False,True,True,True,False,Both models tail with high content drift,7.21871536487167
3570-5694-0020_4446-2273-0000__T2__SCV3TTSENR__4446-4446-2273-0000__VOICE__3570,-41.60057352066673,-34.39112001519683,-35.69337809392159,1.0,0.9375,True,False,True,True,True,False,True,False,True,True,True,False,Both models tail with high content drift,7.209453505469895
4446-2273-0009_237-126133-0021__T1__SCV3TTSENR__4446-4446-2273-0009__VOICE__237,-35.0694735646246,-27.888819165419747,-33.98680540512959,1.0,1.0,True,False,True,True,True,False,True,False,True,True,True,False,Both models tail with high content drift,7.180654399204855
4446-2273-0005_4992-23283-0009__T1__SCV3TTSENR__4446-4446-2273-0005__VOICE__4992,-33.789636620417,-26.64308807542009,-30.59924075162779,0.8571428571428571,0.7142857142857143,True,False,True,True,True,False,True,False,True,True,True,False,Both models tail with high content drift,7.146548544996911
4507-16021-0005_8463-294825-0006__T2__SCV3TTSENR__8463-8463-294825-0006__VOICE__4507,-41.44712068605456,-34.95210415510774,-31.9789136826973,1.0,0.8571428571428571,True,False,True,True,True,False,True,False,True,True,True,False,Both models tail with high content drift,6.49501653094682
6829-68771-0006_8463-294828-0016__T2__SCV3TTSENR__8463-8463-294828-0016__VOICE__6829,-31.53874923578956,-25.21000991963293,-31.479602660640893,1.0,1.0,True,False,True,True,True,False,True,False,True,True,True,False,Both models tail with high content drift,6.3287393161566285
1995-1826-0025_8463-294825-0008__T2__SCV3TTSENR__8463-8463-294825-0008__VOICE__1995,-42.03832658838057,-36.11814749181582,-39.50857551588762,1.0,1.0,True,False,True,True,True,False,True,False,True,True,True,False,Both models tail with high content drift,5.920179096564752
4970-29095-0008_5142-36377-0007__T1__SCV3TTSENR__4970-4970-29095-0008__VOICE__5142,-44.61075731099182,-38.74691378024209,-36.15511144788559,1.0,1.0,True,False,True,True,True,False,True,False,True,True,True,False,Both models tail with high content drift,5.863843530749733
260-123440-0011_4446-2275-0005__T2__SCV3TTSENR__4446-4446-2275-0005__VOICE__260,-32.590984798581786,-26.776598021291125,-28.2188937867582,1.0,1.0,True,False,True,True,True,False,True,False,True,True,True,False,Both models tail with high content drift,5.814386777290661
4446-2275-0028_3570-5696-0009__T1__SCV3TTSENR__4446-4446-2275-0028__VOICE__3570,-37.40131279207962,-31.69528558090016,-34.33650560338789,0.8333333333333334,1.0,True,False,True,True,True,False,True,False,True,True,True,False,Both models tail with high content drift,5.706027211179464
5639-40744-0006_4446-2275-0041__T2__SCV3TTSENR__4446-4446-2275-0041__VOICE__5639,-41.94225619630986,-36.39147362829757,-37.458026163752265,1.0,1.0,True,False,True,True,True,False,True,False,True,True,True,False,Both models tail with high content drift,5.550782568012295
1320-122617-0040_8224-274381-0007__T2__SCV3TTSENR__8224-8224-274381-0007__VOICE__1320,-24.9799646451596,-19.47095142977821,-15.79017588371479,0.7857142857142857,0.9285714285714286,True,False,True,True,True,False,True,False,True,True,True,False,Both models tail with high content drift,5.50901321538139
672-122797-0064_8455-210777-0057__T1__SCV3TTSENR__672-672-122797-0064__VOICE__8455,-27.242742454658952,-21.94474500685952,-25.354451531091428,1.0,1.0,True,False,True,True,True,False,True,False,True,True,True,False,Both models tail with high content drift,5.297997447799432
5639-40744-0033_4446-2275-0034__T2__SCV3TTSENR__4446-4446-2275-0034__VOICE__5639,-40.3112200640104,-35.093465916521474,-36.0639188386581,1.0,1.0,True,False,True,True,True,False,True,False,True,True,True,False,Both models tail with high content drift,5.217754147488925
8224-274384-0002_4446-2275-0019__T2__SCV3TTSENR__4446-4446-2275-0019__VOICE__8224,-42.36133640339596,-37.20967170211126,-33.6094130106467,0.75,1.0,True,False,True,True,True,False,True,False,True,True,True,False,Both models tail with high content drift,5.151664701284702
4970-29095-0031_237-134493-0003__T1__SCV3TTSENR__4970-4970-29095-0031__VOICE__237,-39.86096195070728,-34.81788554804344,-32.92207578610504,1.0,1.0,True,False,True,True,True,False,True,False,True,True,True,False,Both models tail with high content drift,5.043076402663836
5639-40744-0038_4446-2275-0042__T2__SCV3TTSENR__4446-4446-2275-0042__VOICE__5639,-37.75283684077913,-32.83007514243696,-31.642637375106737,1.0,1.0,True,False,True,True,True,False,True,False,True,True,True,False,Both models tail with high content drift,4.922761698342171
260-123440-0010_908-31957-0023__T2__SCV3TTSENR__908-908-31957-0023__VOICE__260,-24.79604406547947,-19.91507174054152,-25.43752525310135,0.9333333333333332,0.9333333333333332,True,False,True,True,True,False,True,False,True,True,True,False,Both models tail with high content drift,4.88097232493795
4446-2273-0025_4992-41797-0002__T1__SCV3TTSENR__4446-4446-2273-0025__VOICE__4992,-38.14229866611589,-33.26884931458206,-30.85190814741385,1.0,1.0,True,False,True,True,True,False,True,False,True,True,True,False,Both models tail with high content drift,4.873449351533829
237-134493-0017_4446-2275-0000__T2__SCV3TTSENR__4446-4446-2275-0000__VOICE__237,-42.83214140108727,-38.041111284910095,-34.14043885855647,1.0,1.0,True,False,True,True,True,False,True,False,True,True,True,False,Both models tail with high content drift,4.791030116177176
4446-2275-0035_8463-287645-0003__T1__SCV3TTSENR__4446-4446-2275-0035__VOICE__8463,-42.28837110245926,-37.73646877241967,-39.40133832020014,1.0,1.0,True,False,True,True,True,False,True,False,True,True,True,False,Both models tail with high content drift,4.551902330039589
4446-2275-0012_1284-1180-0029__T1__SCV3TTSENR__4446-4446-2275-0012__VOICE__1284,-36.58398860566109,-32.11086524975,-33.38679694350409,0.8888888888888888,0.8888888888888888,True,False,True,True,True,False,True,False,True,True,True,False,Both models tail with high content drift,4.473123355911092
5105-28240-0014_7127-75947-0021__T1__SCV3TTSENR__5105-5105-28240-0014__VOICE__7127,-34.55493435936528,-30.18870584987436,-26.080035217068765,1.0,1.0,True,False,True,True,True,False,True,False,True,True,True,False,Both models tail with high content drift,4.366228509490917
2961-961-0009_4446-2275-0005__T2__SCV3TTSENR__4446-4446-2275-0005__VOICE__2961,-46.58003856905487,-42.2197073677532,-36.98211631836854,1.0,1.0,True,False,True,True,True,False,True,False,True,True,True,False,Both models tail with high content drift,4.360331201301669
1284-1180-0028_4446-2273-0028__T2__SCV3TTSENR__4446-4446-2273-0028__VOICE__1284,-34.046094186093,-29.874136207682625,-31.85271200126072,1.0,1.0,True,False,True,True,True,False,True,False,True,True,True,False,Both models tail with high content drift,4.171957978410376
4446-2273-0009_237-126133-0010__T1__SCV3TTSENR__4446-4446-2273-0009__VOICE__237,-42.4078545594827,-38.40460093881666,-38.680899084601045,0.8571428571428571,1.0,True,False,True,True,True,False,True,False,True,True,True,False,Both models tail with high content drift,4.003253620666044
4446-2275-0022_1995-1826-0018__T1__SCV3TTSENR__4446-4446-2275-0022__VOICE__1995,-34.539638524423864,-30.587472434208934,-32.37813188446073,1.0,1.0,True,False,True,True,True,False,True,False,True,True,True,False,Both models tail with high content drift,3.9521660902149307
4446-2275-0006_1284-134647-0002__T1__SCV3TTSENR__4446-4446-2275-0006__VOICE__1284,-37.00208112507039,-33.13194122150603,-35.341741278137484,0.8333333333333334,1.0,True,False,True,True,True,False,True,False,True,True,True,False,Both models tail with high content drift,3.8701399035643576
3575-170457-0052_260-123440-0007__T1__SCV3TTSENR__3575-3575-170457-0052__VOICE__260,-19.52389392988192,-16.237751709763323,-15.475827647770862,1.0,0.8,True,False,True,True,True,False,True,False,True,True,True,False,Both models tail with high content drift,3.2861422201185952
260-123288-0012_4446-2273-0025__T2__SCV3TTSENR__4446-4446-2273-0025__VOICE__260,-40.00489025008901,-37.07700380749823,-31.49869549014777,1.0,1.0,True,False,True,True,True,False,True,False,True,True,True,False,Both models tail with high content drift,2.9278864425907827
2961-961-0020_4446-2275-0012__T2__SCV3TTSENR__4446-4446-2275-0012__VOICE__2961,-30.57031251945036,-27.747623575417627,-29.422223615533994,1.0,1.0,True,False,True,True,True,False,True,False,True,True,True,False,Both models tail with high content drift,2.822688944032734
8463-294828-0012_8555-284447-0009__T1__SCV3TTSENR__8463-8463-294828-0012__VOICE__8555,-25.484645896152408,-22.823753786784035,-26.981431222790697,1.0,1.0,True,False,True,True,True,False,True,False,True,True,True,False,Both models tail with high content drift,2.6608921093683726
8224-274381-0003_260-123440-0014__T2__SCV3TTSENR__260-260-123440-0014__VOICE__8224,-22.716144545809406,-20.738854271171817,-24.919819698154683,1.0,1.0,True,False,True,True,True,False,True,False,True,True,True,False,Both models tail with high content drift,1.977290274637589
260-123440-0012_8455-210777-0010__T1__SCV3TTSENR__260-260-123440-0012__VOICE__8455,-39.11746893972438,-37.35378972642098,-32.71279218225164,1.0,1.0,True,False,True,True,True,False,True,False,True,True,True,False,Both models tail with high content drift,1.763679213303405
260-123288-0009_1320-122617-0023__T1__SCV3TTSENR__260-260-123288-0009__VOICE__1320,-29.74843390382147,-28.093725353360394,-35.34288998574821,1.0,1.0,True,False,True,True,True,False,True,False,True,True,True,False,Both models tail with high content drift,1.654708550461077
5683-32866-0011_4970-29095-0002__T1__SCV3TTSENR__5683-5683-32866-0011__VOICE__4970,-30.367937993352665,-29.33654861888193,-31.31125189983261,0.8888888888888888,1.0,True,False,True,True,True,False,True,False,True,True,True,False,Both models tail with high content drift,1.0313893744707343
672-122797-0006_4077-13751-0002__T1__SCV3TTSENR__672-672-122797-0006__VOICE__4077,-23.191926688610447,-22.31745121372504,-26.208301914848,0.9444444444444444,1.0,True,False,True,True,True,False,True,False,True,True,True,False,Both models tail with high content drift,0.8744754748854078
4446-2273-0024_260-123440-0007__T1__SCV3TTSENR__4446-4446-2273-0024__VOICE__260,-36.54100857447982,-36.01650511519803,-31.255215030162336,1.0,1.0,True,False,True,True,True,False,True,False,True,True,True,False,Both models tail with high content drift,0.5245034592817888
8555-284449-0001_4446-2275-0041__T2__SCV3TTSENR__4446-4446-2275-0041__VOICE__8555,-33.99494626572119,-33.6101712988016,-31.321030286571894,1.0,1.0,True,False,True,True,True,False,True,False,True,True,True,False,Both models tail with high content drift,0.38477496691958635
672-122797-0063_1320-122617-0025__T1__SCV3TTSENR__672-672-122797-0063__VOICE__1320,-32.968438810805885,-32.73750097636497,-35.95240919843249,1.0,1.0,True,False,True,True,True,False,True,False,True,True,True,False,Both models tail with high content drift,0.23093783444091542
1995-1836-0012_4446-2275-0034__T2__SCV3TTSENR__4446-4446-2275-0034__VOICE__1995,-38.89020426035388,-38.67810076406838,-40.82117200290804,1.0,1.0,True,False,True,True,True,False,True,False,True,True,True,False,Both models tail with high content drift,0.21210349628550063
8455-210777-0055_672-122797-0070__T2__SCV3TTSENR__672-672-122797-0070__VOICE__8455,-28.19477166004843,-28.88069267987596,-30.83191193975898,0.9090909090909092,0.9090909090909092,True,False,True,True,True,False,True,False,True,True,True,False,Both models tail with high content drift,-0.6859210198275285
4446-2273-0028_5142-33396-0025__T1__SCV3TTSENR__4446-4446-2273-0028__VOICE__5142,-25.92050385750553,-27.724568490233004,-25.67712950977157,1.0,1.0,True,False,True,True,True,False,True,False,True,True,True,False,Both models tail with high content drift,-1.8040646327274743
4446-2275-0000_8555-284447-0013__T1__SCV3TTSENR__4446-4446-2275-0000__VOICE__8555,-36.09794790249127,-38.4533597542617,-44.00542539983376,1.0,1.0,True,False,True,True,True,False,True,False,True,True,True,False,Both models tail with high content drift,-2.355411851770427
260-123286-0000_4077-13754-0010__T2__SCV3TTSENR__4077-4077-13754-0010__VOICE__260,-25.859036797479224,-28.408319560567804,-22.869526398022487,0.9230769230769232,0.8461538461538461,True,False,True,True,True,False,True,False,True,True,True,False,Both models tail with high content drift,-2.5492827630885806
2830-3980-0041_7021-79740-0004__T2__SCV3TTSENR__7021-7021-79740-0004__VOICE__2830,-32.073335217322445,-34.76557937690067,-33.9643048532979,1.0,1.0,True,False,True,True,True,False,True,False,True,True,True,False,Both models tail with high content drift,-2.692244159578223
5683-32879-0013_4992-41797-0011__T1__SCV3TTSENR__5683-5683-32879-0013__VOICE__4992,-31.9466357260497,-35.790048702908884,-35.270895193945975,0.7777777777777778,0.8888888888888888,True,False,True,True,True,False,True,False,True,True,True,False,Both models tail with high content drift,-3.8434129768591845
5683-32879-0007_6829-68771-0011__T1__SCV3TTSENR__5683-5683-32879-0007__VOICE__6829,-25.64133960242753,-29.70575986800113,-32.19830551786438,0.9,0.9,True,False,True,True,True,False,True,False,True,True,True,False,Both models tail with high content drift,-4.064420265573602
5683-32866-0028_6829-68769-0001__T1__SCV3TTSENR__5683-5683-32866-0028__VOICE__6829,-23.18504727261704,-28.16127807558149,-25.52569782814136,0.9,1.0,True,False,True,True,True,False,True,False,True,True,True,False,Both models tail with high content drift,-4.976230802964448
4446-2273-0003_4992-41797-0006__T1__SCV3TTSENR__4446-4446-2273-0003__VOICE__4992,-29.6083586276086,-34.89747301376094,-37.084063530672296,0.875,1.0,True,False,True,True,True,False,True,False,True,True,True,False,Both models tail with high content drift,-5.289114386152338
4970-29095-0032_237-134500-0026__T1__SCV3TTSENR__4970-4970-29095-0032__VOICE__237,-1.0776046135050474,-6.933778452685711,-5.236691787492401,0.4,0.8,True,False,True,True,True,False,True,False,True,True,True,False,Both models tail with high content drift,-5.856173839180664
5683-32866-0009_6829-68769-0020__T1__SCV3TTSENR__5683-5683-32866-0009__VOICE__6829,-52.60700974617967,-58.77967876560358,-57.57598522782419,0.8888888888888888,1.0,True,False,True,True,True,False,True,False,True,True,True,False,Both models tail with high content drift,-6.172669019423907
2094-142345-0054_1995-1836-0005__T2__SCV3TTSENR__1995-1995-1836-0005__VOICE__2094,-7.321457026345235,-16.029884690353622,-16.162928228359903,0.6,0.9,True,False,True,True,True,False,True,False,True,True,True,False,Both models tail with high content drift,-8.708427664008386
4992-41806-0012_4446-2273-0015__T2__SCV3TTSENR__4446-4446-2273-0015__VOICE__4992,-37.56747623019273,-46.3787226382687,-46.63383864660648,1.0,1.0,True,False,True,True,True,False,True,False,True,True,True,False,Both models tail with high content drift,-8.811246408075966
672-122797-0017_260-123286-0020__T1__SCV3TTSENR__672-672-122797-0017__VOICE__260,-23.194941728619863,-35.5324819196897,-33.58508553336192,1.0,1.0,True,False,True,True,True,False,True,False,True,True,True,False,Both models tail with high content drift,-12.337540191069838
672-122797-0029_4446-2273-0001__T2__SCV3TTSENR__4446-4446-2273-0001__VOICE__672,-38.69505466191843,-52.746636725391774,-53.4191685659311,0.8,0.8,True,False,True,True,True,False,True,False,True,True,True,False,Both models tail with high content drift,-14.051582063473347
5683-32866-0016_4507-16021-0030__T1__SCV3TTSENR__5683-5683-32866-0016__VOICE__4507,-40.26208872946431,-54.54364517498462,-57.84671376297727,1.0,1.0,True,False,True,True,True,False,True,False,True,True,True,False,Both models tail with high content drift,-14.281556445520309
1089-134691-0020_908-31957-0004__T2__SCV3TTSENR__908-908-31957-0004__VOICE__1089,-5.0625789715506855,-19.87111880751981,-17.312735667691364,0.5,0.8333333333333334,True,False,True,True,True,False,True,False,True,True,True,False,Both models tail with high content drift,-14.808539835969125
1221-135767-0009_237-134500-0033__T1__SCV3TTSENR__1221-1221-135767-0009__VOICE__237,-16.908631127514006,-34.17421352960773,-27.533962204153795,0.6363636363636364,1.0,True,False,True,True,True,False,True,False,True,True,True,False,Both models tail with high content drift,-17.26558240209372
2961-961-0005_4507-16021-0005__T1__SCV3TTSENR__2961-2961-961-0005__VOICE__4507,-9.9684409986141,-28.0083768117536,-24.167491175640407,0.3333333333333333,0.6666666666666666,True,False,True,True,True,False,True,False,True,True,True,False,Both models tail with high content drift,-18.0399358131395
1320-122617-0025_260-123440-0019__T2__SCV3TTSENR__260-260-123440-0019__VOICE__1320,-10.790638861327457,-29.04514035631196,-25.60388850477464,0.3636363636363636,0.8181818181818182,True,False,True,True,True,False,True,False,True,True,True,False,Both models tail with high content drift,-18.254501494984503
7021-85628-0000_672-122797-0031__T2__SCV3TTSENR__672-672-122797-0031__VOICE__7021,-4.109984574575282,-22.371682886825585,-29.704028661879303,1.0,1.0,True,False,True,True,True,False,True,False,True,True,True,False,Both models tail with high content drift,-18.261698312250303
5683-32866-0004_237-134500-0021__T1__SCV3TTSENR__5683-5683-32866-0004__VOICE__237,-10.724247041322409,-29.05653004509092,-29.648596107365734,0.7777777777777778,1.0,True,False,True,True,True,False,True,False,True,True,True,False,Both models tail with high content drift,-18.33228300376851
237-134493-0016_4446-2275-0031__T2__SCV3TTSENR__4446-4446-2275-0031__VOICE__237,-9.619976589376918,-29.24305486186009,-32.5250314843932,1.0,0.8,True,False,True,True,True,False,True,False,True,True,True,False,Both models tail with high content drift,-19.623078272483173
6829-68771-0025_4992-41806-0004__T1__SCV3TTSENR__6829-6829-68771-0025__VOICE__4992,-3.8743406123706574,-23.90687748911277,-25.438753076378703,0.5,0.8333333333333334,True,False,True,True,True,False,True,False,True,True,True,False,Both models tail with high content drift,-20.032536876742114
672-122797-0061_260-123286-0018__T1__SCV3TTSENR__672-672-122797-0061__VOICE__260,-9.391514694259024,-30.57885054239697,-27.96888506746732,0.5,1.0,True,False,True,True,True,False,True,False,True,True,True,False,Both models tail with high content drift,-21.18733584813795
8555-284449-0007_5683-32866-0005__T2__SCV3TTSENR__5683-5683-32866-0005__VOICE__8555,-11.479309919330134,-35.20056475092332,-28.42600186263416,0.5,1.0,True,False,True,True,True,False,True,False,True,True,True,False,Both models tail with high content drift,-23.721254831593185
4992-41806-0017_8555-284447-0024__T1__SCV3TTSENR__4992-4992-41806-0017__VOICE__8555,-5.453591579031832,-29.34155984451576,-28.07543425020528,0.375,1.0,True,False,True,True,True,False,True,False,True,True,True,False,Both models tail with high content drift,-23.887968265483927
4992-41806-0005_8463-294828-0035__T2__SCV3TTSENR__8463-8463-294828-0035__VOICE__4992,-31.85755770264044,-56.22076381196703,-57.631547582898826,1.0,1.0,True,False,True,True,True,False,True,False,True,True,True,False,Both models tail with high content drift,-24.36320610932659
1995-1837-0011_4446-2275-0013__T2__SCV3TTSENR__4446-4446-2275-0013__VOICE__1995,-33.35781926112958,-59.25398746733776,-65.95957636871091,1.0,1.0,True,False,True,True,True,False,True,False,True,True,True,False,Both models tail with high content drift,-25.89616820620818
6829-68769-0008_4992-41806-0004__T1__SCV3TTSENR__6829-6829-68769-0008__VOICE__4992,-39.26920827215777,-66.67097202441784,-70.59505472283175,0.8333333333333334,1.0,True,False,True,True,True,False,True,False,True,True,True,False,Both models tail with high content drift,-27.401763752260067
1089-134691-0018_4970-29095-0024__T2__SCV3TTSENR__4970-4970-29095-0024__VOICE__1089,-12.664792856211609,-40.82895658658933,-31.97128686188755,0.6,1.0,True,False,True,True,True,False,True,False,True,True,True,False,Both models tail with high content drift,-28.16416373037772
7176-92135-0042_7021-79730-0001__T2__SCV3TTSENR__7021-7021-79730-0001__VOICE__7176,3.910265933636936,-2.50351765425014,0.7571385380923767,0.0,0.3076923076923077,False,False,False,False,False,False,True,False,True,True,True,False,TFMap+Context tail not USEF,-6.413783587887076
7176-92135-0042_7021-79730-0001__T1__SCV3TTSENR__7176-7176-92135-0042__VOICE__7021,1.997526733113936,-5.275795944173009,-8.436488432409984,0.1538461538461538,0.3846153846153846,False,False,False,True,False,False,True,False,True,True,True,False,TFMap+Context tail not USEF,-7.273322677286945
1580-141083-0004_4446-2273-0007__T1__SCV3TTSENR__1580-1580-141083-0004__VOICE__4446,3.752006093707256,-5.617366966407,-2.509648266562472,0.0,0.2,False,False,False,False,False,False,True,False,True,True,True,False,TFMap+Context tail not USEF,-9.369373060114256
5639-40744-0006_672-122797-0026__T2__SCV3TTSENR__672-672-122797-0026__VOICE__5639,1.628856159816328,-13.044164002043162,-12.700722107619704,0.2,0.8,False,False,True,True,False,False,True,False,True,True,True,False,TFMap+Context tail not USEF,-14.67302016185949
3570-5696-0006_260-123286-0006__T2__SCV3TTSENR__260-260-123286-0006__VOICE__3570,16.137461171374287,-1.179498700639953,-2.436805285367276,0.0,0.4285714285714285,False,True,False,False,False,False,True,False,True,True,True,False,TFMap+Context tail not USEF,-17.31695987201424
1580-141084-0029_5683-32879-0023__T1__SCV3TTSENR__1580-1580-141084-0029__VOICE__5683,2.288047829732731,-16.151617533740627,-22.48068374390576,0.125,1.0,False,False,False,True,False,False,True,False,True,True,True,False,TFMap+Context tail not USEF,-18.43966536347336
61-70968-0045_2830-3980-0001__T2__SCV3TTSENR__2830-2830-3980-0001__VOICE__61,13.098743161484276,-5.802659503910398,1.883307254719296,0.0,0.4,False,True,False,False,False,False,True,False,True,True,True,False,TFMap+Context tail not USEF,-18.901402665394674
1284-1180-0014_260-123440-0008__T2__SCV3TTSENR__260-260-123440-0008__VOICE__1284,9.204320423623727,-9.754210375029484,-12.170616369670848,0.0,1.0,False,False,False,False,False,False,True,False,True,True,True,False,TFMap+Context tail not USEF,-18.95853079865321
1320-122617-0015_672-122797-0051__T2__SCV3TTSENR__672-672-122797-0051__VOICE__1320,17.774811145227083,-1.6455932626360634,-1.345185461258105,0.0,0.375,False,True,False,False,False,False,True,False,True,True,True,False,TFMap+Context tail not USEF,-19.420404407863145
672-122797-0058_4992-23283-0019__T1__SCV3TTSENR__672-672-122797-0058__VOICE__4992,12.254038256351304,-7.551467475325477,-6.344780086663024,0.0,0.4285714285714285,False,True,False,False,False,False,True,False,True,True,True,False,TFMap+Context tail not USEF,-19.80550573167678
672-122797-0046_2961-961-0003__T1__SCV3TTSENR__672-672-122797-0046__VOICE__2961,14.630457720611409,-7.264791566478243,-5.238674406111121,0.0,0.5714285714285714,False,True,False,False,False,False,True,False,True,True,True,False,TFMap+Context tail not USEF,-21.89524928708965
5105-28240-0005_7127-75946-0011__T2__SCV3TTSENR__7127-7127-75946-0011__VOICE__5105,10.020079393136283,-12.20607481359655,-16.34791469650669,0.0,1.0,False,True,False,False,False,False,True,False,True,True,True,False,TFMap+Context tail not USEF,-22.226154206732833
1089-134691-0014_2830-3980-0041__T2__SCV3TTSENR__2830-2830-3980-0041__VOICE__1089,19.427173807032453,-3.786588893499428,-2.592003166986725,0.0,0.25,False,True,False,False,False,False,True,False,True,True,True,False,TFMap+Context tail not USEF,-23.21376270053188
1320-122617-0012_4446-2273-0029__T2__SCV3TTSENR__4446-4446-2273-0029__VOICE__1320,6.809273586589714,-18.094553630330644,-21.19315450255417,0.0,1.0,False,False,False,False,False,False,True,False,True,True,True,False,TFMap+Context tail not USEF,-24.90382721692036
5683-32866-0022_4970-29093-0014__T2__SCV3TTSENR__4970-4970-29093-0014__VOICE__5683,11.29436527233113,-13.82663464904071,-14.112096361023932,0.0,0.8,False,True,False,False,False,False,True,False,True,True,True,False,TFMap+Context tail not USEF,-25.12099992137184
2830-3980-0018_5105-28233-0003__T1__SCV3TTSENR__2830-2830-3980-0018__VOICE__5105,7.599901885591249,-18.276081293960743,-13.4787813945891,0.0,0.8,False,False,False,False,False,False,True,False,True,True,True,False,TFMap+Context tail not USEF,-25.875983179551994
2094-142345-0029_1995-1837-0012__T1__SCV3TTSENR__2094-2094-142345-0029__VOICE__1995,14.34977257800356,-12.206101550959438,-11.487633395668128,0.0,0.9333333333333332,False,True,False,False,False,False,True,False,True,True,True,False,TFMap+Context tail not USEF,-26.555874128962998
7127-75946-0020_672-122797-0054__T2__SCV3TTSENR__672-672-122797-0054__VOICE__7127,5.549964439570479,-21.32787558596185,-20.475545125770765,0.0,0.8571428571428571,False,False,False,False,False,False,True,False,True,True,True,False,TFMap+Context tail not USEF,-26.87784002553233
1995-1837-0022_4992-41797-0008__T1__SCV3TTSENR__1995-1995-1837-0022__VOICE__4992,20.03596927378081,-7.331553699943869,-6.362612824710129,0.0,0.4,False,True,False,False,False,False,True,False,True,True,True,False,TFMap+Context tail not USEF,-27.36752297372468
2094-142345-0018_8555-292519-0008__T1__SCV3TTSENR__2094-2094-142345-0018__VOICE__8555,8.832674903239504,-18.59587198607372,-17.17604584393908,0.0,0.8,False,False,False,False,False,False,True,False,True,True,True,False,TFMap+Context tail not USEF,-27.428546889313225
4992-23283-0000_121-127105-0011__T2__SCV3TTSENR__121-121-127105-0011__VOICE__4992,15.596462794145236,-12.333198046508013,-11.868882202895378,0.0,0.8,False,True,False,False,False,False,True,False,True,True,True,False,TFMap+Context tail not USEF,-27.92966084065325
61-70968-0049_7021-79740-0014__T2__SCV3TTSENR__7021-7021-79740-0014__VOICE__61,10.266478174485048,-19.414562825004506,-20.27497489397326,0.0,0.9333333333333332,False,True,False,False,False,False,True,False,True,True,True,False,TFMap+Context tail not USEF,-29.681040999489554
2830-3980-0019_7021-79730-0009__T2__SCV3TTSENR__7021-7021-79730-0009__VOICE__2830,9.575643291435336,-20.657321714180604,-28.46478687224174,0.0,0.8461538461538461,False,False,False,False,False,False,True,False,True,True,True,False,TFMap+Context tail not USEF,-30.232965005615938
1580-141083-0038_672-122797-0029__T1__SCV3TTSENR__1580-1580-141083-0038__VOICE__672,18.52622550332253,-11.947704302461371,-10.41714157356001,0.0,0.4,False,True,False,False,False,False,True,False,True,True,True,False,TFMap+Context tail not USEF,-30.4739298057839
1580-141083-0024_237-134500-0028__T1__SCV3TTSENR__1580-1580-141083-0024__VOICE__237,21.69942071991325,-9.700048360243567,-10.971808254016471,0.0,0.4285714285714285,False,True,False,False,False,False,True,False,True,True,True,False,TFMap+Context tail not USEF,-31.399469080156816
61-70968-0060_7176-92135-0034__T2__SCV3TTSENR__7176-7176-92135-0034__VOICE__61,0.1852262104169049,-31.312366828903247,-28.82342571181729,0.0,1.0,False,False,False,False,False,False,True,False,True,True,True,False,TFMap+Context tail not USEF,-31.49759303932015
672-122797-0010_4077-13751-0015__T1__SCV3TTSENR__672-672-122797-0010__VOICE__4077,16.92698746990031,-15.000265828380837,-22.42876395933425,0.0,0.6666666666666666,False,True,False,False,False,False,True,False,True,True,True,False,TFMap+Context tail not USEF,-31.927253298281148
4992-23283-0013_4507-16021-0011__T1__SCV3TTSENR__4992-4992-23283-0013__VOICE__4507,16.020449441172225,-15.90722010928565,-18.475565598133304,0.0,0.9,False,True,False,False,False,False,True,False,True,True,True,False,TFMap+Context tail not USEF,-31.927669550457875
672-122797-0058_2300-131720-0029__T1__SCV3TTSENR__672-672-122797-0058__VOICE__2300,11.718126954810462,-20.3198978411168,-24.97418326295984,0.0,1.0,False,True,False,False,False,False,True,False,True,True,True,False,TFMap+Context tail not USEF,-32.03802479592726
2830-3980-0073_2300-131720-0015__T1__SCV3TTSENR__2830-2830-3980-0073__VOICE__2300,11.490174606141103,-21.22619373941957,-14.540873887383787,0.0,0.8125,False,True,False,False,False,False,True,False,True,True,True,False,TFMap+Context tail not USEF,-32.716368345560674
1089-134686-0002_7729-102255-0037__T1__SCV3TTSENR__1089-1089-134686-0002__VOICE__7729,18.67473304062373,-14.586303109082031,-15.441447971312678,0.0,0.8333333333333334,False,True,False,False,False,False,True,False,True,True,True,False,TFMap+Context tail not USEF,-33.26103614970576
2830-3980-0042_260-123288-0022__T1__SCV3TTSENR__2830-2830-3980-0042__VOICE__260,16.505609568195343,-17.352967878568588,-15.115380918684073,0.0,1.0,False,True,False,False,False,False,True,False,True,True,True,False,TFMap+Context tail not USEF,-33.85857744676393
1580-141084-0000_4446-2275-0007__T1__SCV3TTSENR__1580-1580-141084-0000__VOICE__4446,20.09420722163405,-14.19589852486683,-11.686920034018096,0.0,0.625,False,True,False,False,False,False,True,False,True,True,True,False,TFMap+Context tail not USEF,-34.290105746500885
4446-2275-0006_61-70968-0039__T1__SCV3TTSENR__4446-4446-2275-0006__VOICE__61,15.57098502975257,-19.04992031644028,-14.041857072582232,0.0,0.8333333333333334,False,True,False,False,False,False,True,False,True,True,True,False,TFMap+Context tail not USEF,-34.62090534619285
5683-32879-0006_3575-170457-0035__T1__SCV3TTSENR__5683-5683-32879-0006__VOICE__3575,21.68564143894195,-13.00627430560176,-17.05290696272875,0.0,0.8823529411764706,False,True,False,False,False,False,True,False,True,True,True,False,TFMap+Context tail not USEF,-34.69191574454371
5683-32879-0022_6829-68769-0016__T1__SCV3TTSENR__5683-5683-32879-0022__VOICE__6829,11.589901550695553,-23.947155460921035,-18.640313141355044,0.0,0.7142857142857143,False,True,False,False,False,False,True,False,True,True,True,False,TFMap+Context tail not USEF,-35.53705701161659
7021-79730-0006_8455-210777-0037__T1__SCV3TTSENR__7021-7021-79730-0006__VOICE__8455,5.35644496618573,-30.759493820449208,-31.48429729573294,0.125,0.875,False,False,False,True,False,False,True,False,True,True,True,False,TFMap+Context tail not USEF,-36.11593878663494
1284-1181-0014_2094-142345-0001__T2__SCV3TTSENR__2094-2094-142345-0001__VOICE__1284,12.411153489383612,-23.840921906910395,-23.93635957437343,0.0,1.0,False,True,False,False,False,False,True,False,True,True,True,False,TFMap+Context tail not USEF,-36.252075396294
8555-284447-0013_5683-32879-0021__T2__SCV3TTSENR__5683-5683-32879-0021__VOICE__8555,10.679774285087204,-25.91250429803902,-30.019872953137025,0.0,1.0,False,True,False,False,False,False,True,False,True,True,True,False,TFMap+Context tail not USEF,-36.59227858312622
672-122797-0000_8455-210777-0019__T1__SCV3TTSENR__672-672-122797-0000__VOICE__8455,16.230032650348022,-21.049387990645045,-24.162700476349663,0.0,1.0,False,True,False,False,False,False,True,False,True,True,True,False,TFMap+Context tail not USEF,-37.27942064099307
4970-29093-0015_237-126133-0012__T1__SCV3TTSENR__4970-4970-29093-0015__VOICE__237,25.5331083532602,-11.864738409841614,-14.119306557371583,0.0,1.0,False,True,False,False,False,False,True,False,True,True,True,False,TFMap+Context tail not USEF,-37.39784676310181
2094-142345-0057_3570-5694-0004__T1__SCV3TTSENR__2094-2094-142345-0057__VOICE__3570,14.084948930811835,-23.76738873153053,-20.69679122780783,0.0,0.8888888888888888,False,True,False,False,False,False,True,False,True,True,True,False,TFMap+Context tail not USEF,-37.852337662342364
5683-32865-0006_5142-33396-0043__T2__SCV3TTSENR__5142-5142-33396-0043__VOICE__5683,17.58034248167902,-21.872476941472417,-19.384732667875344,0.0,0.8,False,True,False,False,False,False,True,False,True,True,True,False,TFMap+Context tail not USEF,-39.45281942315144
5142-33396-0006_4970-29095-0029__T2__SCV3TTSENR__4970-4970-29095-0029__VOICE__5142,23.17230952357847,-16.789144787217282,-17.032125164672117,0.0,0.8333333333333334,False,True,False,False,False,False,True,False,True,True,True,False,TFMap+Context tail not USEF,-39.96145431079575
4970-29093-0011_260-123286-0001__T1__SCV3TTSENR__4970-4970-29093-0011__VOICE__260,23.301136045565144,-16.73615601863043,-20.748673910368915,0.0,1.0,False,True,False,False,False,False,True,False,True,True,True,False,TFMap+Context tail not USEF,-40.037292064195576
1284-1180-0032_260-123440-0008__T2__SCV3TTSENR__260-260-123440-0008__VOICE__1284,14.708586381013934,-25.416879365414133,-20.89591516226851,0.0,0.8333333333333334,False,True,False,False,False,False,True,False,True,True,True,False,TFMap+Context tail not USEF,-40.12546574642806
4970-29095-0032_1580-141084-0026__T2__SCV3TTSENR__1580-1580-141084-0026__VOICE__4970,22.63115493647588,-17.601734054153088,-15.765174876020122,0.0,0.75,False,True,False,False,False,False,True,False,True,True,True,False,TFMap+Context tail not USEF,-40.232888990628965
1089-134686-0008_672-122797-0007__T2__SCV3TTSENR__672-672-122797-0007__VOICE__1089,19.5998859647042,-20.83666215237039,-22.438659425673944,0.0,0.8181818181818182,False,True,False,False,False,False,True,False,True,True,True,False,TFMap+Context tail not USEF,-40.436548117074594
61-70970-0028_908-31957-0009__T2__SCV3TTSENR__908-908-31957-0009__VOICE__61,17.98257377521994,-22.58614152530941,-23.720791699726224,0.0,1.0,False,True,False,False,False,False,True,False,True,True,True,False,TFMap+Context tail not USEF,-40.56871530052935
1580-141084-0023_672-122797-0061__T1__SCV3TTSENR__1580-1580-141084-0023__VOICE__672,16.35971328613764,-24.468057841222915,-22.991609146054564,0.0,1.0,False,True,False,False,False,False,True,False,True,True,True,False,TFMap+Context tail not USEF,-40.827771127360556
2830-3979-0011_672-122797-0024__T2__SCV3TTSENR__672-672-122797-0024__VOICE__2830,18.81226507506474,-22.444980284006697,-22.220860519747006,0.0,1.0,False,True,False,False,False,False,True,False,True,True,True,False,TFMap+Context tail not USEF,-41.25724535907143
61-70970-0016_672-122797-0012__T2__SCV3TTSENR__672-672-122797-0012__VOICE__61,16.436815838355525,-24.98293618960878,-26.76769479353847,0.0,0.8571428571428571,False,True,False,False,False,False,True,False,True,True,True,False,TFMap+Context tail not USEF,-41.41975202796431
4507-16021-0037_1580-141084-0024__T2__SCV3TTSENR__1580-1580-141084-0024__VOICE__4507,21.27646359189324,-20.25703882802085,-25.40639902760772,0.0,0.8888888888888888,False,True,False,False,False,False,True,False,True,True,True,False,TFMap+Context tail not USEF,-41.533502419914086
7021-79740-0006_2830-3980-0019__T1__SCV3TTSENR__7021-7021-79740-0006__VOICE__2830,8.53472379889744,-33.721420103027654,-33.142927632861195,0.0,1.0,False,False,False,False,False,False,True,False,True,True,True,False,TFMap+Context tail not USEF,-42.25614390192509
7021-79759-0002_1188-133604-0039__T1__SCV3TTSENR__7021-7021-79759-0002__VOICE__1188,19.544749300254136,-22.914460157879788,-25.038465607555903,0.0,1.0,False,True,False,False,False,False,True,False,True,True,True,False,TFMap+Context tail not USEF,-42.45920945813393
7729-102255-0043_1284-1180-0003__T1__SCV3TTSENR__7729-7729-102255-0043__VOICE__1284,15.263892649919368,-27.638027369507853,-21.48159727028892,0.0,1.0,False,True,False,False,False,False,True,False,True,True,True,False,TFMap+Context tail not USEF,-42.90192001942722
237-126133-0006_1221-135767-0005__T2__SCV3TTSENR__1221-1221-135767-0005__VOICE__237,20.19012192281311,-23.19130891708435,-20.941895391622264,0.0,0.6,False,True,False,False,False,False,True,False,True,True,True,False,TFMap+Context tail not USEF,-43.38143083989746
1089-134691-0014_7127-75947-0023__T2__SCV3TTSENR__7127-7127-75947-0023__VOICE__1089,20.921755953479643,-22.637299664963034,-22.54905248490134,0.0,1.0,False,True,False,False,False,False,True,False,True,True,True,False,TFMap+Context tail not USEF,-43.55905561844268
6930-81414-0021_1320-122617-0003__T2__SCV3TTSENR__1320-1320-122617-0003__VOICE__6930,11.57357414963468,-32.28595847584846,-24.24564448876106,0.0,1.0,False,True,False,False,False,False,True,False,True,True,True,False,TFMap+Context tail not USEF,-43.85953262548314
5639-40744-0023_672-122797-0016__T2__SCV3TTSENR__672-672-122797-0016__VOICE__5639,18.85862407466374,-25.003632833345577,-29.527261694439467,0.0,1.0,False,True,False,False,False,False,True,False,True,True,True,False,TFMap+Context tail not USEF,-43.862256908009314
