"FullName","KB"
"E:\TSE\github_stage1_quality_v3_freeze_20260609\result_summaries\core_matrix_small_artifacts_20260609\results\pretrained_tfmap_context_inference\bundles\tfmap_context_hsimv3_sirm3db\full_infer\inference_summary.csv","6274.8"
"E:\TSE\github_stage1_quality_v3_freeze_20260609\result_summaries\core_matrix_small_artifacts_20260609\results\pretrained_tfmap_context_inference\bundles\tfmap_context_hsimv2_sirm3db\full_infer\inference_summary.csv","6274.6"
"E:\TSE\github_stage1_quality_v3_freeze_20260609\result_summaries\core_matrix_small_artifacts_20260609\results\pretrained_tfmap_context_inference\bundles\tfmap_context_hsimv3_sirm5db\full_infer\inference_summary.csv","6270"
"E:\TSE\github_stage1_quality_v3_freeze_20260609\result_summaries\core_matrix_small_artifacts_20260609\results\pretrained_tfmap_context_inference\bundles\tfmap_context_hsimv3_sir0db\full_infer\inference_summary.csv","6222.1"
"E:\TSE\github_stage1_quality_v3_freeze_20260609\result_summaries\core_matrix_small_artifacts_20260609\results\pretrained_tfmap_context_inference\bundles\tfmap_context_hsimv2_sir0db\full_infer\inference_summary.csv","6222.1"
"E:\TSE\github_stage1_quality_v3_freeze_20260609\result_summaries\core_matrix_small_artifacts_20260609\results\pretrained_tfmap_context_inference\bundles\tfmap_context_normal_easy\full_infer\inference_summary.csv","5770.6"
"E:\TSE\github_stage1_quality_v3_freeze_20260609\result_summaries\core_matrix_small_artifacts_20260609\results\similar_content_v3_quality_first_all_backbones\bundles\pretrained_tfmap_context_scv3_quality\full_infer\inference_summary.csv","5418.6"
"E:\TSE\github_stage1_quality_v3_freeze_20260609\result_summaries\core_matrix_small_artifacts_20260609\results\pretrained_usef_tfgridnet_speaker_v2\bundles\pretrained_usef_tfgridnet_hsimv2_sirm3db\full_infer\inference_summary.csv","5059.1"
"E:\TSE\github_stage1_quality_v3_freeze_20260609\result_summaries\core_matrix_small_artifacts_20260609\results\pretrained_usef_tfgridnet_speaker_v3\bundles\pretrained_usef_tfgridnet_hsimv3_sirm3db\full_infer\inference_summary.csv","5058.2"
"E:\TSE\github_stage1_quality_v3_freeze_20260609\result_summaries\core_matrix_small_artifacts_20260609\results\pretrained_usef_tfgridnet_speaker_v3\bundles\pretrained_usef_tfgridnet_hsimv3_sirm5db\full_infer\inference_summary.csv","5056.2"
"E:\TSE\github_stage1_quality_v3_freeze_20260609\result_summaries\core_matrix_small_artifacts_20260609\results\pretrained_usef_tfgridnet_speaker_v2\bundles\pretrained_usef_tfgridnet_hsimv2_sir0db\full_infer\inference_summary.csv","5018.7"
"E:\TSE\github_stage1_quality_v3_freeze_20260609\result_summaries\core_matrix_small_artifacts_20260609\results\pretrained_usef_tfgridnet_speaker_v3\bundles\pretrained_usef_tfgridnet_hsimv3_sir0db\full_infer\inference_summary.csv","5018"
"E:\TSE\github_stage1_quality_v3_freeze_20260609\result_summaries\core_matrix_small_artifacts_20260609\results\similar_content_v3_quality_first_all_backbones\bundles\bsrnn_context_scv3_quality\full_infer\inference_summary.csv","4976.1"
"E:\TSE\github_stage1_quality_v3_freeze_20260609\result_summaries\core_matrix_small_artifacts_20260609\results\similar_content_v3_quality_first_all_backbones\bundles\bsrnn_usef_scv3_quality\full_infer\inference_summary.csv","4956.5"
"E:\TSE\github_stage1_quality_v3_freeze_20260609\result_summaries\core_matrix_small_artifacts_20260609\results\similar_content_v3_quality_first_all_backbones\bundles\bsrnn_tfmap_scv3_quality\full_infer\inference_summary.csv","4853.1"
"E:\TSE\github_stage1_quality_v3_freeze_20260609\result_summaries\core_matrix_small_artifacts_20260609\manifests\librimix_basic_clean\train-100\cues\audio.json","4826.9"
"E:\TSE\github_stage1_quality_v3_freeze_20260609\result_summaries\core_matrix_small_artifacts_20260609\results\similar_content_v3_quality_first_all_backbones\full_whisper_large_v3\quality_smoke40_whisper.csv","4723.9"
"E:\TSE\github_stage1_quality_v3_freeze_20260609\result_summaries\core_matrix_small_artifacts_20260609\results\similar_content_v3_quality_first_all_backbones\bundles\pretrained_usef_tfgridnet_scv3_quality\full_infer\inference_summary_with_sisdr.csv","4670.3"
"E:\TSE\github_stage1_quality_v3_freeze_20260609\result_summaries\core_matrix_small_artifacts_20260609\results\similar_content_v3_quality_first_all_backbones\bundles\quality_first_scv3_content\quality_manifest.csv","4590.7"
"E:\TSE\github_stage1_quality_v3_freeze_20260609\result_summaries\core_matrix_small_artifacts_20260609\results\pretrained_usef_tfgridnet_normal_easy\bundles\pretrained_usef_tfgridnet_normal_easy\full_infer\inference_summary.csv","4520.7"
"E:\TSE\github_stage1_quality_v3_freeze_20260609\result_summaries\core_matrix_small_artifacts_20260609\results\similar_content_v3_quality_first_all_backbones\quality_tts_audio_manifest.csv","4414.7"
"E:\TSE\github_stage1_quality_v3_freeze_20260609\result_summaries\core_matrix_small_artifacts_20260609\results\similar_content_v3_quality_first_all_backbones\bundles\pretrained_usef_tfgridnet_scv3_quality\full_infer\inference_summary.csv","4380.8"
"E:\TSE\github_stage1_quality_v3_freeze_20260609\result_summaries\core_matrix_small_artifacts_20260609\results\bsrnn_three_cue_speaker_v3\bsrnn_hard_simspk_v3_context_sirm3db_traditional_metrics_per_utt.csv","4365.5"
"E:\TSE\github_stage1_quality_v3_freeze_20260609\result_summaries\core_matrix_small_artifacts_20260609\results\bsrnn_three_cue_speaker_v3\bsrnn_hard_simspk_v3_context_sirm5db_traditional_metrics_per_utt.csv","4362.6"
"E:\TSE\github_stage1_quality_v3_freeze_20260609\result_summaries\core_matrix_small_artifacts_20260609\results\bsrnn_three_cue_speaker_v3\bsrnn_hard_simspk_v3_tfmap_sirm3db_traditional_metrics_per_utt.csv","4340.5"
"E:\TSE\github_stage1_quality_v3_freeze_20260609\result_summaries\core_matrix_small_artifacts_20260609\results\bsrnn_three_cue_speaker_v3\bsrnn_hard_simspk_v3_tfmap_sirm5db_traditional_metrics_per_utt.csv","4338.1"
"E:\TSE\github_stage1_quality_v3_freeze_20260609\result_summaries\core_matrix_small_artifacts_20260609\results\bsrnn_three_cue_speaker_v3\bsrnn_hard_simspk_v3_usef_sirm3db_traditional_metrics_per_utt.csv","4328.8"
"E:\TSE\github_stage1_quality_v3_freeze_20260609\result_summaries\core_matrix_small_artifacts_20260609\results\bsrnn_three_cue_speaker_v3\bsrnn_hard_simspk_v3_context_sir0db_traditional_metrics_per_utt.csv","4325.7"
"E:\TSE\github_stage1_quality_v3_freeze_20260609\result_summaries\core_matrix_small_artifacts_20260609\results\bsrnn_three_cue_speaker_v3\bsrnn_hard_simspk_v3_usef_sirm5db_traditional_metrics_per_utt.csv","4325.3"
"E:\TSE\github_stage1_quality_v3_freeze_20260609\result_summaries\core_matrix_small_artifacts_20260609\results\bsrnn_three_cue_speaker_v3\bsrnn_hard_simspk_v3_tfmap_sir0db_traditional_metrics_per_utt.csv","4300.6"
"E:\TSE\github_stage1_quality_v3_freeze_20260609\result_summaries\core_matrix_small_artifacts_20260609\results\bsrnn_three_cue_speaker_v3\bsrnn_hard_simspk_v3_usef_sir0db_traditional_metrics_per_utt.csv","4289.7"
"E:\TSE\github_stage1_quality_v3_freeze_20260609\result_summaries\core_matrix_small_artifacts_20260609\results\similar_content_v3_quality_first_all_backbones\quality_tts_audio_manifest.asr_input.csv","4114.3"
"E:\TSE\github_stage1_quality_v3_freeze_20260609\result_summaries\core_matrix_small_artifacts_20260609\results\bsrnn_three_cue_normal_basic_speaker_and_traditional\bsrnn_simspk_context_traditional_metrics_per_utt.csv","4084.3"
"E:\TSE\github_stage1_quality_v3_freeze_20260609\result_summaries\core_matrix_small_artifacts_20260609\results\bsrnn_three_cue_normal_basic_speaker_and_traditional\bsrnn_simspk_tfmap_traditional_metrics_per_utt.csv","4059.1"
"E:\TSE\github_stage1_quality_v3_freeze_20260609\result_summaries\core_matrix_small_artifacts_20260609\results\bsrnn_three_cue_normal_basic_speaker_and_traditional\bsrnn_simspk_usef_traditional_metrics_per_utt.csv","4048.3"
"E:\TSE\github_stage1_quality_v3_freeze_20260609\result_summaries\core_matrix_small_artifacts_20260609\results\similar_content_v3_quality_first_all_backbones\bundles\quality_first_scv3_content\bsrnn\fixed_enroll.json","3089.9"
"E:\TSE\github_stage1_quality_v3_freeze_20260609\result_summaries\core_matrix_small_artifacts_20260609\results\similar_content_v3_quality_first_all_backbones\full_whisper_large_v3\shard0\quality_smoke40_whisper.csv","2378.5"
"E:\TSE\github_stage1_quality_v3_freeze_20260609\result_summaries\core_matrix_small_artifacts_20260609\results\similar_content_v3_quality_first_all_backbones\full_whisper_large_v3\shard1\quality_smoke40_whisper.csv","2365.4"
"E:\TSE\github_stage1_quality_v3_freeze_20260609\result_summaries\core_matrix_small_artifacts_20260609\manifests\librimix_basic_clean\dev\cues\fixed_enroll.json","1301.3"
"E:\TSE\github_stage1_quality_v3_freeze_20260609\result_summaries\core_matrix_small_artifacts_20260609\manifests\librimix_basic_clean\test\cues\fixed_enroll.json","1293.3"
"E:\TSE\github_stage1_quality_v3_freeze_20260609\result_summaries\core_matrix_small_artifacts_20260609\results\paired_tail_attribution_usef_vs_tfmap_context_scv3\paired_per_utterance.csv","1264.8"
"E:\TSE\github_stage1_quality_v3_freeze_20260609\result_summaries\core_matrix_small_artifacts_20260609\results\similar_content_v3_quality_first_all_backbones\content_diagnostic\pretrained_usef_tfgridnet_scv3_quality\content_wavlm\wavlm_base_plus_per_utterance_1s.csv","1143.1"
"E:\TSE\github_stage1_quality_v3_freeze_20260609\result_summaries\core_matrix_small_artifacts_20260609\results\similar_content_v3_quality_first_all_backbones\content_diagnostic\pretrained_tfmap_context_scv3_quality\content_wavlm\wavlm_base_plus_per_utterance_1s.csv","1138.2"
"E:\TSE\github_stage1_quality_v3_freeze_20260609\result_summaries\core_matrix_small_artifacts_20260609\results\similar_content_v3_quality_first_all_backbones\content_diagnostic\bsrnn_usef_scv3_quality\content_wavlm\wavlm_base_plus_per_utterance_1s.csv","1123.1"
"E:\TSE\github_stage1_quality_v3_freeze_20260609\result_summaries\core_matrix_small_artifacts_20260609\results\similar_content_v3_quality_first_all_backbones\content_diagnostic\pretrained_usef_tfgridnet_scv3_quality\content_hubert\hubert_base_per_utterance_1s.csv","1121.4"
"E:\TSE\github_stage1_quality_v3_freeze_20260609\result_summaries\core_matrix_small_artifacts_20260609\results\similar_content_v3_quality_first_all_backbones\content_diagnostic\pretrained_tfmap_context_scv3_quality\content_hubert\hubert_base_per_utterance_1s.csv","1116"
"E:\TSE\github_stage1_quality_v3_freeze_20260609\result_summaries\core_matrix_small_artifacts_20260609\results\similar_content_v3_quality_first_all_backbones\content_diagnostic\bsrnn_context_scv3_quality\content_wavlm\wavlm_base_plus_per_utterance_1s.csv","1115"
"E:\TSE\github_stage1_quality_v3_freeze_20260609\result_summaries\core_matrix_small_artifacts_20260609\results\similar_content_v3_quality_first_all_backbones\content_diagnostic\bsrnn_tfmap_scv3_quality\content_wavlm\wavlm_base_plus_per_utterance_1s.csv","1113.8"
"E:\TSE\github_stage1_quality_v3_freeze_20260609\result_summaries\core_matrix_small_artifacts_20260609\results\similar_content_v3_quality_first_all_backbones\content_diagnostic\bsrnn_usef_scv3_quality\content_hubert\hubert_base_per_utterance_1s.csv","1098.5"
"E:\TSE\github_stage1_quality_v3_freeze_20260609\result_summaries\core_matrix_small_artifacts_20260609\results\similar_content_v3_quality_first_all_backbones\content_diagnostic\bsrnn_context_scv3_quality\content_hubert\hubert_base_per_utterance_1s.csv","1091.3"
"E:\TSE\github_stage1_quality_v3_freeze_20260609\result_summaries\core_matrix_small_artifacts_20260609\results\pretrained_usef_tfgridnet_normal_easy\content_diagnostic\normal_easy\content_wavlm\wavlm_base_plus_per_utterance_1s.csv","1090"
"E:\TSE\github_stage1_quality_v3_freeze_20260609\result_summaries\core_matrix_small_artifacts_20260609\results\similar_content_v3_quality_first_all_backbones\content_diagnostic\bsrnn_tfmap_scv3_quality\content_hubert\hubert_base_per_utterance_1s.csv","1089.5"
"E:\TSE\github_stage1_quality_v3_freeze_20260609\result_summaries\core_matrix_small_artifacts_20260609\results\bsrnn_three_cue_speaker_v3\speaker_diag\tfmap_sirm5db\speaker_multiverifier_per_utterance_1s.csv","1076.6"
"E:\TSE\github_stage1_quality_v3_freeze_20260609\result_summaries\core_matrix_small_artifacts_20260609\results\bsrnn_three_cue_speaker_v3\speaker_diag\tfmap_sirm3db\speaker_multiverifier_per_utterance_1s.csv","1075.1"
"E:\TSE\github_stage1_quality_v3_freeze_20260609\result_summaries\core_matrix_small_artifacts_20260609\results\pretrained_usef_tfgridnet_normal_easy\content_diagnostic\normal_easy\content_hubert\hubert_base_per_utterance_1s.csv","1065.3"
"E:\TSE\github_stage1_quality_v3_freeze_20260609\result_summaries\core_matrix_small_artifacts_20260609\results\bsrnn_three_cue_speaker_v3\speaker_diag\tfmap_sir0db\speaker_multiverifier_per_utterance_1s.csv","1059.2"
"E:\TSE\github_stage1_quality_v3_freeze_20260609\result_summaries\core_matrix_small_artifacts_20260609\results\similar_content_v3_quality_first_all_backbones\content_diagnostic\pretrained_usef_tfgridnet_scv3_quality\content_ssl\ssl_content_per_utterance_1s.csv","1058.8"
"E:\TSE\github_stage1_quality_v3_freeze_20260609\result_summaries\core_matrix_small_artifacts_20260609\results\bsrnn_three_cue_speaker_v3\speaker_diag\context_sirm3db\speaker_multiverifier_per_utterance_1s.csv","1056.4"
"E:\TSE\github_stage1_quality_v3_freeze_20260609\result_summaries\core_matrix_small_artifacts_20260609\results\bsrnn_three_cue_speaker_v3\speaker_diag\context_sirm5db\speaker_multiverifier_per_utterance_1s.csv","1056.4"
"E:\TSE\github_stage1_quality_v3_freeze_20260609\result_summaries\core_matrix_small_artifacts_20260609\results\similar_content_v3_quality_first_all_backbones\content_diagnostic\pretrained_tfmap_context_scv3_quality\content_ssl\ssl_content_per_utterance_1s.csv","1053.2"
"E:\TSE\github_stage1_quality_v3_freeze_20260609\result_summaries\core_matrix_small_artifacts_20260609\results\bsrnn_three_cue_speaker_v3\speaker_diag\context_sir0db\speaker_multiverifier_per_utterance_1s.csv","1046.2"
"E:\TSE\github_stage1_quality_v3_freeze_20260609\result_summaries\core_matrix_small_artifacts_20260609\results\pretrained_usef_tfgridnet_speaker_v3\speaker_diagnostic\hard_v3_sirm3db\speaker_multiverifier_per_utterance_1s.csv","1034"
"E:\TSE\github_stage1_quality_v3_freeze_20260609\result_summaries\core_matrix_small_artifacts_20260609\results\similar_content_v3_quality_first_all_backbones\content_diagnostic\bsrnn_usef_scv3_quality\content_ssl\ssl_content_per_utterance_1s.csv","1033.6"
"E:\TSE\github_stage1_quality_v3_freeze_20260609\result_summaries\core_matrix_small_artifacts_20260609\results\pretrained_usef_tfgridnet_speaker_v3\speaker_diagnostic\hard_v3_sirm5db\speaker_multiverifier_per_utterance_1s.csv","1032.1"
"E:\TSE\github_stage1_quality_v3_freeze_20260609\result_summaries\core_matrix_small_artifacts_20260609\results\pretrained_usef_tfgridnet_speaker_v3\speaker_diagnostic\hard_v3_sir0db\speaker_multiverifier_per_utterance_1s.csv","1028.8"
"E:\TSE\github_stage1_quality_v3_freeze_20260609\result_summaries\core_matrix_small_artifacts_20260609\results\bsrnn_three_cue_speaker_v3\speaker_diag\usef_sirm5db\speaker_multiverifier_per_utterance_1s.csv","1026.6"
"E:\TSE\github_stage1_quality_v3_freeze_20260609\result_summaries\core_matrix_small_artifacts_20260609\results\similar_content_v3_quality_first_all_backbones\content_diagnostic\bsrnn_context_scv3_quality\content_ssl\ssl_content_per_utterance_1s.csv","1026.3"
"E:\TSE\github_stage1_quality_v3_freeze_20260609\result_summaries\core_matrix_small_artifacts_20260609\results\similar_content_v3_quality_first_all_backbones\content_diagnostic\bsrnn_tfmap_scv3_quality\content_ssl\ssl_content_per_utterance_1s.csv","1026.2"
"E:\TSE\github_stage1_quality_v3_freeze_20260609\result_summaries\core_matrix_small_artifacts_20260609\results\bsrnn_three_cue_speaker_v3\speaker_diag\usef_sirm3db\speaker_multiverifier_per_utterance_1s.csv","1022.5"
"E:\TSE\github_stage1_quality_v3_freeze_20260609\result_summaries\core_matrix_small_artifacts_20260609\results\pretrained_usef_tfgridnet_speaker_v2\speaker_diagnostic\hard_v2_sirm3db\speaker_multiverifier_per_utterance_1s.csv","1013"
"E:\TSE\github_stage1_quality_v3_freeze_20260609\result_summaries\core_matrix_small_artifacts_20260609\manifests\librimix_basic_clean\dev\cues\audio.json","1010"
"E:\TSE\github_stage1_quality_v3_freeze_20260609\result_summaries\core_matrix_small_artifacts_20260609\results\pretrained_usef_tfgridnet_speaker_v2\speaker_diagnostic\hard_v2_sir0db\speaker_multiverifier_per_utterance_1s.csv","1008.8"
"E:\TSE\github_stage1_quality_v3_freeze_20260609\result_summaries\core_matrix_small_artifacts_20260609\manifests\librimix_basic_clean\test\cues\audio.json","1008.4"
"E:\TSE\github_stage1_quality_v3_freeze_20260609\result_summaries\core_matrix_small_artifacts_20260609\results\bsrnn_three_cue_speaker_v3\speaker_diag\usef_sir0db\speaker_multiverifier_per_utterance_1s.csv","1007.7"
"E:\TSE\github_stage1_quality_v3_freeze_20260609\result_summaries\core_matrix_small_artifacts_20260609\results\pretrained_usef_tfgridnet_normal_easy\content_diagnostic\normal_easy\content_ssl\ssl_content_per_utterance_1s.csv","993.8"
"E:\TSE\github_stage1_quality_v3_freeze_20260609\result_summaries\core_matrix_small_artifacts_20260609\results\pretrained_tfmap_context_speaker_diag\speaker_diagnostic\tfmap_context_hsimv3_sirm5db\speaker_multiverifier_per_utterance_1s.csv","977.4"
"E:\TSE\github_stage1_quality_v3_freeze_20260609\result_summaries\core_matrix_small_artifacts_20260609\results\pretrained_tfmap_context_speaker_diag\speaker_diagnostic\tfmap_context_hsimv3_sirm3db\speaker_multiverifier_per_utterance_1s.csv","976.5"
"E:\TSE\github_stage1_quality_v3_freeze_20260609\result_summaries\core_matrix_small_artifacts_20260609\results\pretrained_tfmap_context_speaker_diag\speaker_diagnostic\tfmap_context_hsimv2_sirm3db\speaker_multiverifier_per_utterance_1s.csv","970.7"
"E:\TSE\github_stage1_quality_v3_freeze_20260609\result_summaries\core_matrix_small_artifacts_20260609\results\pretrained_tfmap_context_speaker_diag\speaker_diagnostic\tfmap_context_hsimv3_sir0db\speaker_multiverifier_per_utterance_1s.csv","970"
"E:\TSE\github_stage1_quality_v3_freeze_20260609\result_summaries\core_matrix_small_artifacts_20260609\results\pretrained_tfmap_context_speaker_diag\speaker_diagnostic\tfmap_context_hsimv2_sir0db\speaker_multiverifier_per_utterance_1s.csv","962.4"
"E:\TSE\github_stage1_quality_v3_freeze_20260609\result_summaries\core_matrix_small_artifacts_20260609\results\similar_content_v3_quality_first_all_backbones\content_diagnostic\bsrnn_usef_scv3_quality\content_multiverifier\content_multiverifier_per_utterance_1s.csv","940"
"E:\TSE\github_stage1_quality_v3_freeze_20260609\result_summaries\core_matrix_small_artifacts_20260609\results\similar_content_v3_quality_first_all_backbones\content_diagnostic\bsrnn_context_scv3_quality\content_multiverifier\content_multiverifier_per_utterance_1s.csv","923"
"E:\TSE\github_stage1_quality_v3_freeze_20260609\result_summaries\core_matrix_small_artifacts_20260609\results\similar_content_v3_quality_first_all_backbones\content_diagnostic\bsrnn_tfmap_scv3_quality\content_multiverifier\content_multiverifier_per_utterance_1s.csv","923"
"E:\TSE\github_stage1_quality_v3_freeze_20260609\result_summaries\core_matrix_small_artifacts_20260609\results\similar_content_v3_quality_first_all_backbones\content_diagnostic\pretrained_usef_tfgridnet_scv3_quality\content_multiverifier\content_multiverifier_per_utterance_1s.csv","887.7"
"E:\TSE\github_stage1_quality_v3_freeze_20260609\result_summaries\core_matrix_small_artifacts_20260609\results\similar_content_v3_quality_first_all_backbones\content_diagnostic\pretrained_tfmap_context_scv3_quality\content_multiverifier\content_multiverifier_per_utterance_1s.csv","874"
"E:\TSE\github_stage1_quality_v3_freeze_20260609\result_summaries\core_matrix_small_artifacts_20260609\results\bsrnn_three_cue_normal_basic_speaker_and_traditional\normal_basic_fixed_traditional_sisnri_per_target.csv","798.8"
"E:\TSE\github_stage1_quality_v3_freeze_20260609\result_summaries\core_matrix_small_artifacts_20260609\results\pretrained_usef_tfgridnet_normal_easy\content_diagnostic\normal_easy\content_multiverifier\content_multiverifier_per_utterance_1s.csv","790"
"E:\TSE\github_stage1_quality_v3_freeze_20260609\result_summaries\core_matrix_small_artifacts_20260609\results\pretrained_usef_tfgridnet_normal_easy\speaker_diagnostic\normal_easy\speaker_multiverifier_per_utterance_1s.csv","730.7"
"E:\TSE\github_stage1_quality_v3_freeze_20260609\result_summaries\core_matrix_small_artifacts_20260609\results\pretrained_usef_tfgridnet_speaker_v3\speaker_diagnostic\hard_v3_sirm5db_shard0\speaker_multiverifier_per_utterance_1s.csv","518.8"
"E:\TSE\github_stage1_quality_v3_freeze_20260609\result_summaries\core_matrix_small_artifacts_20260609\results\pretrained_usef_tfgridnet_speaker_v3\speaker_diagnostic\hard_v3_sirm5db_shard1\speaker_multiverifier_per_utterance_1s.csv","518.3"
"E:\TSE\github_stage1_quality_v3_freeze_20260609\result_summaries\core_matrix_small_artifacts_20260609\results\pretrained_usef_tfgridnet_speaker_v2\speaker_diagnostic\hard_v2_sirm3db_shard0\speaker_multiverifier_per_utterance_1s.csv","508.3"
"E:\TSE\github_stage1_quality_v3_freeze_20260609\result_summaries\core_matrix_small_artifacts_20260609\results\pretrained_usef_tfgridnet_speaker_v2\speaker_diagnostic\hard_v2_sirm3db_shard1\speaker_multiverifier_per_utterance_1s.csv","508.2"
"E:\TSE\github_stage1_quality_v3_freeze_20260609\result_summaries\core_matrix_small_artifacts_20260609\results\pretrained_tfmap_context_speaker_diag\speaker_diagnostic\tfmap_context_hsimv3_sirm5db_shard0\speaker_multiverifier_per_utterance_1s.csv","490.3"
"E:\TSE\github_stage1_quality_v3_freeze_20260609\result_summaries\core_matrix_small_artifacts_20260609\results\pretrained_tfmap_context_speaker_diag\speaker_diagnostic\tfmap_context_hsimv3_sirm5db_shard1\speaker_multiverifier_per_utterance_1s.csv","489.3"
"E:\TSE\github_stage1_quality_v3_freeze_20260609\result_summaries\core_matrix_small_artifacts_20260609\results\bsrnn_three_cue_normal_basic_content\bundles\context_ft13\inference_summary.csv","481"
"E:\TSE\github_stage1_quality_v3_freeze_20260609\result_summaries\core_matrix_small_artifacts_20260609\results\bsrnn_three_cue_normal_basic_content\bundles\tfmap_ft13\inference_summary.csv","476.6"
"E:\TSE\github_stage1_quality_v3_freeze_20260609\result_summaries\core_matrix_small_artifacts_20260609\results\bsrnn_three_cue_normal_basic_content\bundles\usef_ft13\inference_summary.csv","475"
"E:\TSE\github_stage1_quality_v3_freeze_20260609\result_summaries\core_matrix_small_artifacts_20260609\results\bsrnn_three_cue_normal_basic_speaker_and_traditional\basic_test_fixed_enroll_audio_1k.json","376.6"
"E:\TSE\github_stage1_quality_v3_freeze_20260609\result_summaries\core_matrix_small_artifacts_20260609\results\bsrnn_three_cue_normal_basic_content\content_wavlm\tfmap_ft13\wavlm_base_plus_per_utterance_1s.csv","367.8"
"E:\TSE\github_stage1_quality_v3_freeze_20260609\result_summaries\core_matrix_small_artifacts_20260609\results\bsrnn_three_cue_normal_basic_content\content_wavlm\context_ft13\wavlm_base_plus_per_utterance_1s.csv","365.4"
"E:\TSE\github_stage1_quality_v3_freeze_20260609\result_summaries\core_matrix_small_artifacts_20260609\results\bsrnn_three_cue_normal_basic_content\content_wavlm\usef_ft13\wavlm_base_plus_per_utterance_1s.csv","362.5"
"E:\TSE\github_stage1_quality_v3_freeze_20260609\result_summaries\core_matrix_small_artifacts_20260609\results\bsrnn_three_cue_normal_basic_content\content_hubert\tfmap_ft13\hubert_base_per_utterance_1s.csv","359.4"
"E:\TSE\github_stage1_quality_v3_freeze_20260609\result_summaries\core_matrix_small_artifacts_20260609\results\bsrnn_three_cue_normal_basic_speaker_and_traditional\normal_basic_multiverifier_protocol_fixed_1k\tfmap_ft13\per_utterance_summary.csv","359"
"E:\TSE\github_stage1_quality_v3_freeze_20260609\result_summaries\core_matrix_small_artifacts_20260609\results\bsrnn_three_cue_normal_basic_content\content_hubert\context_ft13\hubert_base_per_utterance_1s.csv","357.7"
"E:\TSE\github_stage1_quality_v3_freeze_20260609\result_summaries\core_matrix_small_artifacts_20260609\results\bsrnn_three_cue_normal_basic_content\content_hubert\usef_ft13\hubert_base_per_utterance_1s.csv","355.2"
"E:\TSE\github_stage1_quality_v3_freeze_20260609\result_summaries\core_matrix_small_artifacts_20260609\results\bsrnn_three_cue_normal_basic_speaker_and_traditional\normal_basic_multiverifier_protocol_fixed_1k\context_ft13\per_utterance_summary.csv","355.1"
"E:\TSE\github_stage1_quality_v3_freeze_20260609\result_summaries\core_matrix_small_artifacts_20260609\results\bsrnn_three_cue_normal_basic_speaker_and_traditional\normal_basic_multiverifier_protocol_fixed_1k\usef_ft13\per_utterance_summary.csv","351.8"
"E:\TSE\github_stage1_quality_v3_freeze_20260609\result_summaries\core_matrix_small_artifacts_20260609\results\bsrnn_three_cue_normal_basic_content\content_ssl\tfmap_ft13\ssl_content_per_utterance_1s.csv","333.7"
"E:\TSE\github_stage1_quality_v3_freeze_20260609\result_summaries\core_matrix_small_artifacts_20260609\results\bsrnn_three_cue_normal_basic_content\content_ssl\context_ft13\ssl_content_per_utterance_1s.csv","331.5"
"E:\TSE\github_stage1_quality_v3_freeze_20260609\result_summaries\core_matrix_small_artifacts_20260609\results\bsrnn_three_cue_normal_basic_content\content_ssl\usef_ft13\ssl_content_per_utterance_1s.csv","329.2"
"E:\TSE\github_stage1_quality_v3_freeze_20260609\result_summaries\core_matrix_small_artifacts_20260609\results\bsrnn_three_cue_normal_basic_content\content_multiverifier\tfmap_ft13\content_multiverifier_per_utterance_1s.csv","276.3"
"E:\TSE\github_stage1_quality_v3_freeze_20260609\result_summaries\core_matrix_small_artifacts_20260609\results\bsrnn_three_cue_normal_basic_content\content_multiverifier\context_ft13\content_multiverifier_per_utterance_1s.csv","270.5"
"E:\TSE\github_stage1_quality_v3_freeze_20260609\result_summaries\core_matrix_small_artifacts_20260609\results\bsrnn_three_cue_normal_basic_content\content_multiverifier\usef_ft13\content_multiverifier_per_utterance_1s.csv","263.1"
"E:\TSE\github_stage1_quality_v3_freeze_20260609\result_summaries\core_matrix_small_artifacts_20260609\docs\size_report.txt","180.1"
"E:\TSE\github_stage1_quality_v3_freeze_20260609\result_summaries\core_matrix_small_artifacts_20260609\docs\file_list.txt","73.5"
"E:\TSE\github_stage1_quality_v3_freeze_20260609\result_summaries\core_matrix_small_artifacts_20260609\results\bsrnn_three_cue_normal_basic_speaker_and_traditional\raw_gap_threshold_sensitivity_summary.csv","57.6"
"E:\TSE\github_stage1_quality_v3_freeze_20260609\result_summaries\core_matrix_small_artifacts_20260609\results\paired_tail_attribution_usef_vs_tfmap_context_scv3\paired_case_candidates_top200.csv","53.9"
"E:\TSE\github_stage1_quality_v3_freeze_20260609\result_summaries\core_matrix_small_artifacts_20260609\docs\file_list_github_pruned.txt","40.8"
"E:\TSE\github_stage1_quality_v3_freeze_20260609\result_summaries\core_matrix_small_artifacts_20260609\results\pretrained_usef_tfgridnet_normal_easy\src\models\local\attention.py","30.5"
"E:\TSE\github_stage1_quality_v3_freeze_20260609\result_summaries\core_matrix_small_artifacts_20260609\results\pretrained_usef_tfgridnet_normal_easy\src\models\local\dataio.py","29.7"
"E:\TSE\github_stage1_quality_v3_freeze_20260609\result_summaries\core_matrix_small_artifacts_20260609\results\pretrained_usef_tfgridnet_normal_easy\src\models\local\normalization.py","18.8"
"E:\TSE\github_stage1_quality_v3_freeze_20260609\result_summaries\core_matrix_small_artifacts_20260609\training\selected_checkpoints_20260608_metadata\tfmap_only_bsrnn\tfmap_checkpoint_selection_summary.json","15.4"
"E:\TSE\github_stage1_quality_v3_freeze_20260609\result_summaries\core_matrix_small_artifacts_20260609\training\selected_checkpoints_20260608_metadata\tfmap_only_bsrnn\tfmap_val_curve.csv","14.6"
"E:\TSE\github_stage1_quality_v3_freeze_20260609\result_summaries\core_matrix_small_artifacts_20260609\training\normal_basic_single_cue_logs\selected_checkpoints_20260608\tfmap_only_bsrnn\tfmap_val_curve.csv","14.6"
"E:\TSE\github_stage1_quality_v3_freeze_20260609\result_summaries\core_matrix_small_artifacts_20260609\training\selected_checkpoints_20260608_metadata\usef_only_bsrnn\usef_checkpoint_selection_summary.json","13"
"E:\TSE\github_stage1_quality_v3_freeze_20260609\result_summaries\core_matrix_small_artifacts_20260609\results\pretrained_usef_tfgridnet_normal_easy\src\models\local\TFgridnet.py","12.7"
"E:\TSE\github_stage1_quality_v3_freeze_20260609\result_summaries\core_matrix_small_artifacts_20260609\training\normal_basic_single_cue_logs\selected_checkpoints_20260608\usef_only_bsrnn\usef_val_curve.csv","12"
"E:\TSE\github_stage1_quality_v3_freeze_20260609\result_summaries\core_matrix_small_artifacts_20260609\training\selected_checkpoints_20260608_metadata\usef_only_bsrnn\usef_val_curve.csv","12"
"E:\TSE\github_stage1_quality_v3_freeze_20260609\result_summaries\core_matrix_small_artifacts_20260609\results\similar_content_v3_quality_first_all_backbones\scripts\run_after_tts_full_pipeline.sh","9.6"
"E:\TSE\github_stage1_quality_v3_freeze_20260609\result_summaries\core_matrix_small_artifacts_20260609\results\similar_content_v3_quality_first_all_backbones\scripts\build_quality_first_scv3_bundle.py","9"
"E:\TSE\github_stage1_quality_v3_freeze_20260609\result_summaries\core_matrix_small_artifacts_20260609\results\bsrnn_three_cue_normal_basic_content\merge_content_multiverifier_normal_basic.py","8.8"
"E:\TSE\github_stage1_quality_v3_freeze_20260609\result_summaries\core_matrix_small_artifacts_20260609\results\pretrained_usef_tfgridnet_normal_easy\src\models\local\TransformerEncoderCross.py","8.4"
"E:\TSE\github_stage1_quality_v3_freeze_20260609\result_summaries\core_matrix_small_artifacts_20260609\results\pretrained_usef_tfgridnet_normal_easy\src\models\local\TransformerEncoder.py","7.4"
"E:\TSE\github_stage1_quality_v3_freeze_20260609\result_summaries\core_matrix_small_artifacts_20260609\results\pretrained_tfmap_context_speaker_diag\scripts\run_speaker_local_diagnostic_tfmc.py","7.2"
"E:\TSE\github_stage1_quality_v3_freeze_20260609\result_summaries\core_matrix_small_artifacts_20260609\results\pretrained_usef_tfgridnet_normal_easy\src\run_speaker_local_diagnostic.py","7"
"E:\TSE\github_stage1_quality_v3_freeze_20260609\result_summaries\core_matrix_small_artifacts_20260609\results\pretrained_usef_tfgridnet_normal_easy\src\eval.py","6.2"
"E:\TSE\github_stage1_quality_v3_freeze_20260609\result_summaries\core_matrix_small_artifacts_20260609\results\similar_content_v3_quality_first_all_backbones\scripts\postprocess_bsrnn_scv3_bundle.py","6.2"
"E:\TSE\github_stage1_quality_v3_freeze_20260609\result_summaries\core_matrix_small_artifacts_20260609\results\pretrained_usef_tfgridnet_normal_easy\src\merge_content_2tri.py","5.9"
"E:\TSE\github_stage1_quality_v3_freeze_20260609\result_summaries\core_matrix_small_artifacts_20260609\results\bsrnn_three_cue_normal_basic_content\export_normal_basic_bundle.py","5.5"
"E:\TSE\github_stage1_quality_v3_freeze_20260609\result_summaries\core_matrix_small_artifacts_20260609\results\pretrained_tfmap_context_inference\run_real_tse_scp_inference.py","5.4"
"E:\TSE\github_stage1_quality_v3_freeze_20260609\result_summaries\core_matrix_small_artifacts_20260609\results\pretrained_usef_tfgridnet_speaker_v3\run_hard_v3_speaker_diagnostic_dual_v100.sh","5.3"
"E:\TSE\github_stage1_quality_v3_freeze_20260609\result_summaries\core_matrix_small_artifacts_20260609\results\pretrained_usef_tfgridnet_normal_easy\src\run_usef_tfgridnet_bundle.py","4.3"
"E:\TSE\github_stage1_quality_v3_freeze_20260609\result_summaries\core_matrix_small_artifacts_20260609\results\bsrnn_three_cue_normal_basic_content\postprocess_bundle_from_scp.py","4.2"
"E:\TSE\github_stage1_quality_v3_freeze_20260609\result_summaries\core_matrix_small_artifacts_20260609\results\pretrained_usef_tfgridnet_normal_easy\src\utils\feature.py","3.9"
"E:\TSE\github_stage1_quality_v3_freeze_20260609\result_summaries\core_matrix_small_artifacts_20260609\results\bsrnn_three_cue_speaker_v3\bsrnn_hard_simspk_v3_traditional_metrics_summary.csv","3.8"
"E:\TSE\github_stage1_quality_v3_freeze_20260609\result_summaries\core_matrix_small_artifacts_20260609\results\similar_content_v3_quality_first_all_backbones\scripts\parallelize_bsrnn_then_resume.sh","3.7"
"E:\TSE\github_stage1_quality_v3_freeze_20260609\result_summaries\core_matrix_small_artifacts_20260609\results\pretrained_tfmap_context_inference\run_tfmap_context_full_inference_dual_v100.sh","3.5"
"E:\TSE\github_stage1_quality_v3_freeze_20260609\result_summaries\core_matrix_small_artifacts_20260609\results\pretrained_usef_tfgridnet_normal_easy\src\models\local\activations.py","3.5"
"E:\TSE\github_stage1_quality_v3_freeze_20260609\result_summaries\core_matrix_small_artifacts_20260609\results\pretrained_usef_tfgridnet_speaker_v2\prepare_hard_v2_bundles.py","3.5"
"E:\TSE\github_stage1_quality_v3_freeze_20260609\result_summaries\core_matrix_small_artifacts_20260609\results\pretrained_usef_tfgridnet_speaker_v3\prepare_hard_v3_bundles.py","3.5"
"E:\TSE\github_stage1_quality_v3_freeze_20260609\result_summaries\core_matrix_small_artifacts_20260609\results\pretrained_usef_tfgridnet_speaker_v2\run_hard_v2_sirm3db_speaker_diag_sharded.sh","3.4"
"E:\TSE\github_stage1_quality_v3_freeze_20260609\result_summaries\core_matrix_small_artifacts_20260609\results\similar_content_v3_quality_first_all_backbones\scripts\make_tts_quality_csv.py","3.4"
"E:\TSE\github_stage1_quality_v3_freeze_20260609\result_summaries\core_matrix_small_artifacts_20260609\manifests\librimix_similar_speaker_hard_v2_sirm3db\test\build_stats.json","3.3"
"E:\TSE\github_stage1_quality_v3_freeze_20260609\result_summaries\core_matrix_small_artifacts_20260609\manifests\librimix_similar_speaker_hard_v2_sir0db\test\build_stats.json","3.3"
"E:\TSE\github_stage1_quality_v3_freeze_20260609\result_summaries\core_matrix_small_artifacts_20260609\results\similar_content_v3_quality_first_all_backbones\content_diagnostic\pretrained_usef_tfgridnet_scv3_quality\content_multiverifier\content_multiverifier_summary_1s.json","3.3"
"E:\TSE\github_stage1_quality_v3_freeze_20260609\result_summaries\core_matrix_small_artifacts_20260609\results\similar_content_v3_quality_first_all_backbones\content_diagnostic\bsrnn_context_scv3_quality\content_multiverifier\content_multiverifier_summary_1s.json","3.3"
"E:\TSE\github_stage1_quality_v3_freeze_20260609\result_summaries\core_matrix_small_artifacts_20260609\results\similar_content_v3_quality_first_all_backbones\content_diagnostic\bsrnn_usef_scv3_quality\content_multiverifier\content_multiverifier_summary_1s.json","3.3"
"E:\TSE\github_stage1_quality_v3_freeze_20260609\result_summaries\core_matrix_small_artifacts_20260609\results\bsrnn_three_cue_normal_basic_content\content_multiverifier\tfmap_ft13\content_multiverifier_summary_1s.json","3.3"
"E:\TSE\github_stage1_quality_v3_freeze_20260609\result_summaries\core_matrix_small_artifacts_20260609\results\similar_content_v3_quality_first_all_backbones\content_diagnostic\pretrained_tfmap_context_scv3_quality\content_multiverifier\content_multiverifier_summary_1s.json","3.2"
"E:\TSE\github_stage1_quality_v3_freeze_20260609\result_summaries\core_matrix_small_artifacts_20260609\results\pretrained_usef_tfgridnet_normal_easy\content_diagnostic\normal_easy\content_multiverifier\content_multiverifier_summary_1s.json","3.2"
"E:\TSE\github_stage1_quality_v3_freeze_20260609\result_summaries\core_matrix_small_artifacts_20260609\results\similar_content_v3_quality_first_all_backbones\content_diagnostic\bsrnn_tfmap_scv3_quality\content_multiverifier\content_multiverifier_summary_1s.json","3.2"
"E:\TSE\github_stage1_quality_v3_freeze_20260609\result_summaries\core_matrix_small_artifacts_20260609\results\bsrnn_three_cue_normal_basic_content\content_multiverifier\context_ft13\content_multiverifier_summary_1s.json","3.2"
"E:\TSE\github_stage1_quality_v3_freeze_20260609\result_summaries\core_matrix_small_artifacts_20260609\training\selected_checkpoints_20260608_metadata\usef_only_bsrnn\README.md","3.2"
"E:\TSE\github_stage1_quality_v3_freeze_20260609\result_summaries\core_matrix_small_artifacts_20260609\results\bsrnn_three_cue_speaker_v3\recompute_bsrnn_hard_simspk_v3_traditional_metrics.py","3.2"
"E:\TSE\github_stage1_quality_v3_freeze_20260609\result_summaries\core_matrix_small_artifacts_20260609\results\bsrnn_three_cue_normal_basic_content\content_multiverifier\usef_ft13\content_multiverifier_summary_1s.json","3.2"
"E:\TSE\github_stage1_quality_v3_freeze_20260609\result_summaries\core_matrix_small_artifacts_20260609\training\normal_basic_single_cue_logs\tfmap_only_bsrnn_continue_e18_plus40_a100_gpu0_bs8_20260607\config.yaml","3.1"
"E:\TSE\github_stage1_quality_v3_freeze_20260609\result_summaries\core_matrix_small_artifacts_20260609\training\normal_basic_single_cue_logs\context_only_bsrnn_continue_from_total17_plus10_lr1e5_dualA100_ddp2_bs4_20260608\config.yaml","3.1"
"E:\TSE\github_stage1_quality_v3_freeze_20260609\result_summaries\core_matrix_small_artifacts_20260609\results\pretrained_tfmap_context_inference\run_tfmap_context_remaining_4gpu.sh","3.1"
"E:\TSE\github_stage1_quality_v3_freeze_20260609\result_summaries\core_matrix_small_artifacts_20260609\results\bsrnn_three_cue_normal_basic_speaker_and_traditional\recompute_bsrnn_simspk_traditional_metrics.py","3.1"
"E:\TSE\github_stage1_quality_v3_freeze_20260609\result_summaries\core_matrix_small_artifacts_20260609\training\normal_basic_single_cue_logs\tfmap_only_bsrnn_stabilize_from_total66_lr3e6_3ep_a100_gpu0_bs8_20260608\config.yaml","3.1"
"E:\TSE\github_stage1_quality_v3_freeze_20260609\result_summaries\core_matrix_small_artifacts_20260609\results\pretrained_tfmap_context_speaker_diag\scripts\run_tfmc_speaker_diag_dual_v100.sh","3.1"
"E:\TSE\github_stage1_quality_v3_freeze_20260609\result_summaries\core_matrix_small_artifacts_20260609\training\normal_basic_single_cue_logs\tfmap_only_bsrnn_warmrestart_from_total62_lr1e5_5ep_a100_gpu0_bs8_20260608\config.yaml","3.1"
"E:\TSE\github_stage1_quality_v3_freeze_20260609\result_summaries\core_matrix_small_artifacts_20260609\training\normal_basic_single_cue_logs\context_only_bsrnn_stage2_A_lr5e6_5ep_a800_gpu1_bs4_20260608\config.yaml","3.1"
"E:\TSE\github_stage1_quality_v3_freeze_20260609\result_summaries\core_matrix_small_artifacts_20260609\training\normal_basic_single_cue_logs\bsrnn_stage2_short_continuation_a800_20260608\configs\context_A_lr5e6_5ep.yaml","3.1"
"E:\TSE\github_stage1_quality_v3_freeze_20260609\result_summaries\core_matrix_small_artifacts_20260609\results\pretrained_tfmap_context_inference\tfmap_context_traditional_metrics_summary.csv","3.1"
"E:\TSE\github_stage1_quality_v3_freeze_20260609\result_summaries\core_matrix_small_artifacts_20260609\training\normal_basic_single_cue_logs\usef_only_bsrnn_warmrestart_from_total50_lr1e5_5ep_a100_gpu1_bs8_20260608\config.yaml","3.1"
"E:\TSE\github_stage1_quality_v3_freeze_20260609\result_summaries\core_matrix_small_artifacts_20260609\training\normal_basic_single_cue_logs\bsrnn_stage2_short_continuation_a800_20260608\configs\tfmap_A_lr3e6_5ep.yaml","3"
"E:\TSE\github_stage1_quality_v3_freeze_20260609\result_summaries\core_matrix_small_artifacts_20260609\training\normal_basic_single_cue_logs\tfmap_only_bsrnn_stage2_A_lr3e6_5ep_a800_gpu0_bs8_20260608\config.yaml","3"
"E:\TSE\github_stage1_quality_v3_freeze_20260609\result_summaries\core_matrix_small_artifacts_20260609\training\normal_basic_single_cue_logs\usef_only_bsrnn_stage2_stabilize_lr2e6_3ep_a800_gpu1_bs8_20260608\config.yaml","3"
"E:\TSE\github_stage1_quality_v3_freeze_20260609\result_summaries\core_matrix_small_artifacts_20260609\training\normal_basic_single_cue_logs\bsrnn_stage2_short_continuation_a800_20260608\configs\usef_stabilize_lr2e6_3ep.yaml","3"
"E:\TSE\github_stage1_quality_v3_freeze_20260609\result_summaries\core_matrix_small_artifacts_20260609\training\normal_basic_single_cue_logs\bsrnn_continue_a100_20260607\configs\context_continue_from_total17_plus10_lr1e5_dualA100_ddp2_bs4.yaml","3"
"E:\TSE\github_stage1_quality_v3_freeze_20260609\result_summaries\core_matrix_small_artifacts_20260609\training\normal_basic_single_cue_logs\bsrnn_continue_a100_20260607\configs\tfmap_stabilize_from_total66_lr3e6_3ep.yaml","3"
"E:\TSE\github_stage1_quality_v3_freeze_20260609\result_summaries\core_matrix_small_artifacts_20260609\training\normal_basic_single_cue_logs\bsrnn_continue_a100_20260607\configs\tfmap_warmrestart_from_total62_lr1e5_5ep.yaml","3"
"E:\TSE\github_stage1_quality_v3_freeze_20260609\result_summaries\core_matrix_small_artifacts_20260609\training\normal_basic_single_cue_logs\bsrnn_continue_a100_20260607\configs\context_amp_test_from_total17_1ep_dualA100_ddp2_bs4.yaml","3"
"E:\TSE\github_stage1_quality_v3_freeze_20260609\result_summaries\core_matrix_small_artifacts_20260609\training\normal_basic_single_cue_logs\bsrnn_continue_a100_20260607\configs\usef_warmrestart_from_total50_lr1e5_5ep.yaml","3"
"E:\TSE\github_stage1_quality_v3_freeze_20260609\result_summaries\core_matrix_small_artifacts_20260609\training\normal_basic_single_cue_logs\tfmap_only_bsrnn_continue_e58_plus5_lr6e6_a100_gpu0_bs8_20260608\config.yaml","3"
"E:\TSE\github_stage1_quality_v3_freeze_20260609\result_summaries\core_matrix_small_artifacts_20260609\training\normal_basic_single_cue_logs\usef_only_bsrnn_continue_e48_plus5_lr5e6_a100_gpu1_bs8_20260608\config.yaml","3"
"E:\TSE\github_stage1_quality_v3_freeze_20260609\result_summaries\core_matrix_small_artifacts_20260609\training\normal_basic_single_cue_logs\usef_only_bsrnn_continue_e18_plus30_a100_gpu1_bs8_20260607\config.yaml","3"
"E:\TSE\github_stage1_quality_v3_freeze_20260609\result_summaries\core_matrix_small_artifacts_20260609\training\normal_basic_single_cue_logs\tfmap_only_bsrnn_continue_e18_plus40_a100_gpu0_20260607\config.yaml","3"
"E:\TSE\github_stage1_quality_v3_freeze_20260609\result_summaries\core_matrix_small_artifacts_20260609\training\normal_basic_single_cue_logs\context_only_bsrnn_normal_train100_ft13_from5_dualA100_ddp2\config.yaml","2.9"
"E:\TSE\github_stage1_quality_v3_freeze_20260609\result_summaries\core_matrix_small_artifacts_20260609\training\normal_basic_single_cue_logs\bsrnn_continue_a100_20260607\configs\tfmap_continue_e58_plus5_lr6e6.yaml","2.9"
"E:\TSE\github_stage1_quality_v3_freeze_20260609\result_summaries\core_matrix_small_artifacts_20260609\training\normal_basic_single_cue_logs\bsrnn_continue_a100_20260607\configs\usef_continue_e48_plus5_lr5e6.yaml","2.9"
"E:\TSE\github_stage1_quality_v3_freeze_20260609\result_summaries\core_matrix_small_artifacts_20260609\training\normal_basic_single_cue_logs\bsrnn_continue_a100_20260607\configs\tfmap_continue_bs8.yaml","2.9"
"E:\TSE\github_stage1_quality_v3_freeze_20260609\result_summaries\core_matrix_small_artifacts_20260609\training\normal_basic_single_cue_logs\tfmap_only_bsrnn_normal_train100_ft13_from5_dualA100_ddp2\config.yaml","2.9"
"E:\TSE\github_stage1_quality_v3_freeze_20260609\result_summaries\core_matrix_small_artifacts_20260609\training\normal_basic_single_cue_logs\bsrnn_continue_a100_20260607\configs\tfmap_continue.yaml","2.9"
"E:\TSE\github_stage1_quality_v3_freeze_20260609\result_summaries\core_matrix_small_artifacts_20260609\training\normal_basic_single_cue_logs\bsrnn_continue_a100_20260607\configs\usef_continue_bs8.yaml","2.9"
"E:\TSE\github_stage1_quality_v3_freeze_20260609\result_summaries\core_matrix_small_artifacts_20260609\training\normal_basic_single_cue_logs\bsrnn_continue_a100_20260607\configs\usef_continue.yaml","2.9"
"E:\TSE\github_stage1_quality_v3_freeze_20260609\result_summaries\core_matrix_small_artifacts_20260609\training\normal_basic_single_cue_logs\usef_only_bsrnn_normal_train100_ft13_from5_dualA100_ddp2\config.yaml","2.9"
"E:\TSE\github_stage1_quality_v3_freeze_20260609\result_summaries\core_matrix_small_artifacts_20260609\results\similar_content_v3_quality_first_all_backbones\scripts\run_whisper_large_v3_sharded.sh","2.8"
"E:\TSE\github_stage1_quality_v3_freeze_20260609\result_summaries\core_matrix_small_artifacts_20260609\training\normal_basic_single_cue_logs\context_only_bsrnn_normal_train100_5ep_dualA100_ddp2\config.yaml","2.8"
"E:\TSE\github_stage1_quality_v3_freeze_20260609\result_summaries\core_matrix_small_artifacts_20260609\training\normal_basic_single_cue_logs\tfmap_only_bsrnn_normal_train100_5ep_dualA100_ddp2\config.yaml","2.8"
"E:\TSE\github_stage1_quality_v3_freeze_20260609\result_summaries\core_matrix_small_artifacts_20260609\training\normal_basic_single_cue_logs\usef_only_bsrnn_normal_train100_5ep_dualA100_ddp2\config.yaml","2.8"
"E:\TSE\github_stage1_quality_v3_freeze_20260609\result_summaries\core_matrix_small_artifacts_20260609\training\normal_basic_single_cue_logs\tfmap_only_bsrnn_normal_train100_5ep_dualA100\config.yaml","2.8"
"E:\TSE\github_stage1_quality_v3_freeze_20260609\result_summaries\core_matrix_small_artifacts_20260609\training\normal_basic_single_cue_logs\tfmap_only_bsrnn_normal_train100_5ep_a800\config.yaml","2.8"
"E:\TSE\github_stage1_quality_v3_freeze_20260609\result_summaries\core_matrix_small_artifacts_20260609\results\similar_content_v3_quality_first_all_backbones\scv3_quality_first_summary.csv","2.7"
"E:\TSE\github_stage1_quality_v3_freeze_20260609\result_summaries\core_matrix_small_artifacts_20260609\results\pretrained_usef_tfgridnet_normal_easy\src\models\model_USEF_TFGridNet.py","2.6"
"E:\TSE\github_stage1_quality_v3_freeze_20260609\result_summaries\core_matrix_small_artifacts_20260609\results\bsrnn_three_cue_normal_basic_content\run_content_diag_gpu0.sh","2.5"
"E:\TSE\github_stage1_quality_v3_freeze_20260609\result_summaries\core_matrix_small_artifacts_20260609\results\similar_content_v3_quality_first_all_backbones\scripts\summarize_scv3_quality_pipeline.py","2.5"
"E:\TSE\github_stage1_quality_v3_freeze_20260609\result_summaries\core_matrix_small_artifacts_20260609\pretrained\real_tse_baselines_metadata\extracted\spk_emb_100\config.yaml","2.5"
"E:\TSE\github_stage1_quality_v3_freeze_20260609\result_summaries\core_matrix_small_artifacts_20260609\pretrained\real_tse_baselines_metadata\extracted\spk_emb_causal_100\config.yaml","2.4"
"E:\TSE\github_stage1_quality_v3_freeze_20260609\result_summaries\core_matrix_small_artifacts_20260609\results\pretrained_usef_tfgridnet_normal_easy\run_full_inference.sh","2.4"
"E:\TSE\github_stage1_quality_v3_freeze_20260609\result_summaries\core_matrix_small_artifacts_20260609\results\pretrained_usef_tfgridnet_speaker_v3\similar_speaker_traditional_metrics_v2_v3.csv","2.4"
"E:\TSE\github_stage1_quality_v3_freeze_20260609\result_summaries\core_matrix_small_artifacts_20260609\pretrained\real_tse_baselines_metadata\extracted\tfmap_context_causal_100\config.yaml","2.4"
"E:\TSE\github_stage1_quality_v3_freeze_20260609\result_summaries\core_matrix_small_artifacts_20260609\pretrained\real_tse_baselines_metadata\extracted\tfmap_context_100\config.yaml","2.3"
"E:\TSE\github_stage1_quality_v3_freeze_20260609\result_summaries\core_matrix_small_artifacts_20260609\results\similar_content_v3_quality_first_all_backbones\scripts\watch_scv3_pipeline.py","2.3"
"E:\TSE\github_stage1_quality_v3_freeze_20260609\result_summaries\core_matrix_small_artifacts_20260609\results\pretrained_usef_tfgridnet_normal_easy\run_content_diagnostics.sh","2.3"
"E:\TSE\github_stage1_quality_v3_freeze_20260609\result_summaries\core_matrix_small_artifacts_20260609\training\selected_checkpoints_20260608_metadata\usef_only_bsrnn\average_candidates_manifest.json","2.3"
"E:\TSE\github_stage1_quality_v3_freeze_20260609\result_summaries\core_matrix_small_artifacts_20260609\results\pretrained_usef_tfgridnet_speaker_v3\tmp\merge_speaker_diag.py","2.3"
"E:\TSE\github_stage1_quality_v3_freeze_20260609\result_summaries\core_matrix_small_artifacts_20260609\results\pretrained_tfmap_context_speaker_diag\scripts\merge_speaker_diag.py","2.3"
"E:\TSE\github_stage1_quality_v3_freeze_20260609\result_summaries\core_matrix_small_artifacts_20260609\training\selected_checkpoints_20260608_metadata\tfmap_only_bsrnn\README.md","2.2"
"E:\TSE\github_stage1_quality_v3_freeze_20260609\result_summaries\core_matrix_small_artifacts_20260609\results\pretrained_tfmap_context_speaker_diag\scripts\prepare_tfmc_speaker_metadata.py","2.2"
"E:\TSE\github_stage1_quality_v3_freeze_20260609\result_summaries\core_matrix_small_artifacts_20260609\results\similar_content_v3_quality_first_all_backbones\scripts\run_one_content_diag_gpu1.sh","2.2"
"E:\TSE\github_stage1_quality_v3_freeze_20260609\result_summaries\core_matrix_small_artifacts_20260609\results\pretrained_usef_tfgridnet_speaker_v3\speaker_diagnostic\hard_v3_sirm5db\speaker_multiverifier_summary_1s.json","2.1"
"E:\TSE\github_stage1_quality_v3_freeze_20260609\result_summaries\core_matrix_small_artifacts_20260609\results\pretrained_usef_tfgridnet_speaker_v2\speaker_diagnostic\hard_v2_sirm3db\speaker_multiverifier_summary_1s.json","2.1"
"E:\TSE\github_stage1_quality_v3_freeze_20260609\result_summaries\core_matrix_small_artifacts_20260609\results\pretrained_tfmap_context_speaker_diag\speaker_diagnostic\tfmap_context_hsimv3_sirm5db\speaker_multiverifier_summary_1s.json","2.1"
"E:\TSE\github_stage1_quality_v3_freeze_20260609\result_summaries\core_matrix_small_artifacts_20260609\results\bsrnn_three_cue_speaker_v3\speaker_diag\tfmap_sirm3db\speaker_multiverifier_summary_1s.json","2.1"
"E:\TSE\github_stage1_quality_v3_freeze_20260609\result_summaries\core_matrix_small_artifacts_20260609\results\bsrnn_three_cue_speaker_v3\speaker_diag\tfmap_sir0db\speaker_multiverifier_summary_1s.json","2.1"
"E:\TSE\github_stage1_quality_v3_freeze_20260609\result_summaries\core_matrix_small_artifacts_20260609\results\bsrnn_three_cue_speaker_v3\speaker_diag\context_sirm5db\speaker_multiverifier_summary_1s.json","2"
"E:\TSE\github_stage1_quality_v3_freeze_20260609\result_summaries\core_matrix_small_artifacts_20260609\results\pretrained_usef_tfgridnet_speaker_v3\speaker_diagnostic\hard_v3_sirm3db\speaker_multiverifier_summary_1s.json","2"
"E:\TSE\github_stage1_quality_v3_freeze_20260609\result_summaries\core_matrix_small_artifacts_20260609\results\pretrained_usef_tfgridnet_speaker_v3\speaker_diagnostic\hard_v3_sirm5db_shard0\speaker_multiverifier_summary_1s.json","2"
"E:\TSE\github_stage1_quality_v3_freeze_20260609\result_summaries\core_matrix_small_artifacts_20260609\results\pretrained_usef_tfgridnet_speaker_v3\speaker_diagnostic\hard_v3_sirm5db_shard1\speaker_multiverifier_summary_1s.json","2"
"E:\TSE\github_stage1_quality_v3_freeze_20260609\result_summaries\core_matrix_small_artifacts_20260609\results\bsrnn_three_cue_speaker_v3\prepare_bsrnn_hard_simspk_v3_speaker_diag.py","2"
"E:\TSE\github_stage1_quality_v3_freeze_20260609\result_summaries\core_matrix_small_artifacts_20260609\results\pretrained_usef_tfgridnet_speaker_v2\speaker_diagnostic\hard_v2_sirm3db_shard1\speaker_multiverifier_summary_1s.json","2"
"E:\TSE\github_stage1_quality_v3_freeze_20260609\result_summaries\core_matrix_small_artifacts_20260609\results\bsrnn_three_cue_speaker_v3\speaker_diag\tfmap_sirm5db\speaker_multiverifier_summary_1s.json","2"
"E:\TSE\github_stage1_quality_v3_freeze_20260609\result_summaries\core_matrix_small_artifacts_20260609\results\pretrained_usef_tfgridnet_speaker_v3\speaker_diagnostic\hard_v3_sir0db\speaker_multiverifier_summary_1s.json","2"
"E:\TSE\github_stage1_quality_v3_freeze_20260609\result_summaries\core_matrix_small_artifacts_20260609\results\bsrnn_three_cue_speaker_v3\speaker_diag\usef_sir0db\speaker_multiverifier_summary_1s.json","2"
"E:\TSE\github_stage1_quality_v3_freeze_20260609\result_summaries\core_matrix_small_artifacts_20260609\results\bsrnn_three_cue_speaker_v3\speaker_diag\usef_sirm3db\speaker_multiverifier_summary_1s.json","2"
"E:\TSE\github_stage1_quality_v3_freeze_20260609\result_summaries\core_matrix_small_artifacts_20260609\results\bsrnn_three_cue_speaker_v3\speaker_diag\context_sirm3db\speaker_multiverifier_summary_1s.json","2"
"E:\TSE\github_stage1_quality_v3_freeze_20260609\result_summaries\core_matrix_small_artifacts_20260609\results\bsrnn_three_cue_speaker_v3\speaker_diag\usef_sirm5db\speaker_multiverifier_summary_1s.json","2"
"E:\TSE\github_stage1_quality_v3_freeze_20260609\result_summaries\core_matrix_small_artifacts_20260609\results\bsrnn_three_cue_speaker_v3\speaker_diag\context_sir0db\speaker_multiverifier_summary_1s.json","2"
"E:\TSE\github_stage1_quality_v3_freeze_20260609\result_summaries\core_matrix_small_artifacts_20260609\results\pretrained_usef_tfgridnet_speaker_v2\speaker_diagnostic\hard_v2_sirm3db_shard0\speaker_multiverifier_summary_1s.json","2"
"E:\TSE\github_stage1_quality_v3_freeze_20260609\result_summaries\core_matrix_small_artifacts_20260609\results\pretrained_tfmap_context_speaker_diag\speaker_diagnostic\tfmap_context_hsimv2_sirm3db\speaker_multiverifier_summary_1s.json","2"
"E:\TSE\github_stage1_quality_v3_freeze_20260609\result_summaries\core_matrix_small_artifacts_20260609\manifests\librimix_similar_speaker_hard_v3_sirm3db\test\build_stats.json","2"
"E:\TSE\github_stage1_quality_v3_freeze_20260609\result_summaries\core_matrix_small_artifacts_20260609\manifests\librimix_similar_speaker_hard_v3_sirm5db\test\build_stats.json","2"
"E:\TSE\github_stage1_quality_v3_freeze_20260609\result_summaries\core_matrix_small_artifacts_20260609\manifests\librimix_similar_speaker_hard_v3_sir0db\test\build_stats.json","2"
"E:\TSE\github_stage1_quality_v3_freeze_20260609\result_summaries\core_matrix_small_artifacts_20260609\results\pretrained_usef_tfgridnet_speaker_v2\speaker_diagnostic\hard_v2_sir0db\speaker_multiverifier_summary_1s.json","2"
"E:\TSE\github_stage1_quality_v3_freeze_20260609\result_summaries\core_matrix_small_artifacts_20260609\results\pretrained_usef_tfgridnet_normal_easy\speaker_diagnostic\normal_easy\speaker_multiverifier_summary_1s.json","2"
"E:\TSE\github_stage1_quality_v3_freeze_20260609\result_summaries\core_matrix_small_artifacts_20260609\results\pretrained_tfmap_context_speaker_diag\speaker_diagnostic\tfmap_context_hsimv3_sirm3db\speaker_multiverifier_summary_1s.json","2"
"E:\TSE\github_stage1_quality_v3_freeze_20260609\result_summaries\core_matrix_small_artifacts_20260609\results\pretrained_tfmap_context_speaker_diag\speaker_diagnostic\tfmap_context_hsimv3_sirm5db_shard1\speaker_multiverifier_summary_1s.json","2"
"E:\TSE\github_stage1_quality_v3_freeze_20260609\result_summaries\core_matrix_small_artifacts_20260609\results\pretrained_tfmap_context_speaker_diag\speaker_diagnostic\tfmap_context_hsimv3_sir0db\speaker_multiverifier_summary_1s.json","2"
"E:\TSE\github_stage1_quality_v3_freeze_20260609\result_summaries\core_matrix_small_artifacts_20260609\results\pretrained_tfmap_context_speaker_diag\speaker_diagnostic\tfmap_context_hsimv3_sirm5db_shard0\speaker_multiverifier_summary_1s.json","2"
"E:\TSE\github_stage1_quality_v3_freeze_20260609\result_summaries\core_matrix_small_artifacts_20260609\results\pretrained_tfmap_context_speaker_diag\speaker_diagnostic\tfmap_context_hsimv2_sir0db\speaker_multiverifier_summary_1s.json","1.9"
"E:\TSE\github_stage1_quality_v3_freeze_20260609\result_summaries\core_matrix_small_artifacts_20260609\results\bsrnn_three_cue_normal_basic_speaker_and_traditional\simspk_sisnri_full\run_queue_gpu1.sh","1.9"
"E:\TSE\github_stage1_quality_v3_freeze_20260609\result_summaries\core_matrix_small_artifacts_20260609\results\pretrained_tfmap_context_speaker_diag\smoke_tfmap_context_hsimv3_sir0db\speaker_multiverifier_summary_1s.json","1.9"
"E:\TSE\github_stage1_quality_v3_freeze_20260609\result_summaries\core_matrix_small_artifacts_20260609\results\bsrnn_three_cue_normal_basic_speaker_and_traditional\run_normal_protocol_fixed_gpu0.sh","1.9"
"E:\TSE\github_stage1_quality_v3_freeze_20260609\result_summaries\core_matrix_small_artifacts_20260609\results\bsrnn_three_cue_speaker_v3\run_queue_gpu1.sh","1.8"
"E:\TSE\github_stage1_quality_v3_freeze_20260609\result_summaries\core_matrix_small_artifacts_20260609\results\bsrnn_three_cue_speaker_v3\run_queue_gpu0.sh","1.8"
"E:\TSE\github_stage1_quality_v3_freeze_20260609\result_summaries\core_matrix_small_artifacts_20260609\results\pretrained_usef_tfgridnet_speaker_v3\run_hard_v3_inference_dual_v100.sh","1.8"
"E:\TSE\github_stage1_quality_v3_freeze_20260609\result_summaries\core_matrix_small_artifacts_20260609\results\similar_content_v3_quality_first_all_backbones\content_diagnostic\bsrnn_usef_scv3_quality\content_wavlm\wavlm_base_plus_summary_1s.json","1.7"
"E:\TSE\github_stage1_quality_v3_freeze_20260609\result_summaries\core_matrix_small_artifacts_20260609\results\similar_content_v3_quality_first_all_backbones\content_diagnostic\bsrnn_tfmap_scv3_quality\content_wavlm\wavlm_base_plus_summary_1s.json","1.7"
"E:\TSE\github_stage1_quality_v3_freeze_20260609\result_summaries\core_matrix_small_artifacts_20260609\results\similar_content_v3_quality_first_all_backbones\content_diagnostic\bsrnn_context_scv3_quality\content_wavlm\wavlm_base_plus_summary_1s.json","1.7"
"E:\TSE\github_stage1_quality_v3_freeze_20260609\result_summaries\core_matrix_small_artifacts_20260609\results\pretrained_usef_tfgridnet_speaker_v2\run_hard_v2_inference_dual_v100.sh","1.7"
"E:\TSE\github_stage1_quality_v3_freeze_20260609\result_summaries\core_matrix_small_artifacts_20260609\results\similar_content_v3_quality_first_all_backbones\content_diagnostic\pretrained_usef_tfgridnet_scv3_quality\content_wavlm\wavlm_base_plus_summary_1s.json","1.7"
"E:\TSE\github_stage1_quality_v3_freeze_20260609\result_summaries\core_matrix_small_artifacts_20260609\results\similar_content_v3_quality_first_all_backbones\content_diagnostic\bsrnn_context_scv3_quality\content_hubert\hubert_base_summary_1s.json","1.7"
"E:\TSE\github_stage1_quality_v3_freeze_20260609\result_summaries\core_matrix_small_artifacts_20260609\results\similar_content_v3_quality_first_all_backbones\content_diagnostic\bsrnn_tfmap_scv3_quality\content_hubert\hubert_base_summary_1s.json","1.7"
"E:\TSE\github_stage1_quality_v3_freeze_20260609\result_summaries\core_matrix_small_artifacts_20260609\results\bsrnn_three_cue_normal_basic_content\content_hubert\tfmap_ft13\hubert_base_summary_1s.json","1.7"
"E:\TSE\github_stage1_quality_v3_freeze_20260609\result_summaries\core_matrix_small_artifacts_20260609\results\pretrained_usef_tfgridnet_normal_easy\content_diagnostic\normal_easy\content_wavlm\wavlm_base_plus_summary_1s.json","1.7"
"E:\TSE\github_stage1_quality_v3_freeze_20260609\result_summaries\core_matrix_small_artifacts_20260609\results\similar_content_v3_quality_first_all_backbones\content_diagnostic\bsrnn_usef_scv3_quality\content_hubert\hubert_base_summary_1s.json","1.7"
"E:\TSE\github_stage1_quality_v3_freeze_20260609\result_summaries\core_matrix_small_artifacts_20260609\results\similar_content_v3_quality_first_all_backbones\content_diagnostic\pretrained_tfmap_context_scv3_quality\content_wavlm\wavlm_base_plus_summary_1s.json","1.7"
"E:\TSE\github_stage1_quality_v3_freeze_20260609\result_summaries\core_matrix_small_artifacts_20260609\results\similar_content_v3_quality_first_all_backbones\content_diagnostic\pretrained_usef_tfgridnet_scv3_quality\content_hubert\hubert_base_summary_1s.json","1.7"
"E:\TSE\github_stage1_quality_v3_freeze_20260609\result_summaries\core_matrix_small_artifacts_20260609\results\bsrnn_three_cue_normal_basic_content\content_wavlm\tfmap_ft13\wavlm_base_plus_summary_1s.json","1.7"
"E:\TSE\github_stage1_quality_v3_freeze_20260609\result_summaries\core_matrix_small_artifacts_20260609\results\similar_content_v3_quality_first_all_backbones\content_diagnostic\bsrnn_usef_scv3_quality\content_ssl\ssl_content_summary_1s.json","1.7"
"E:\TSE\github_stage1_quality_v3_freeze_20260609\result_summaries\core_matrix_small_artifacts_20260609\results\similar_content_v3_quality_first_all_backbones\content_diagnostic\pretrained_tfmap_context_scv3_quality\content_hubert\hubert_base_summary_1s.json","1.7"
"E:\TSE\github_stage1_quality_v3_freeze_20260609\result_summaries\core_matrix_small_artifacts_20260609\results\bsrnn_three_cue_normal_basic_speaker_and_traditional\run_normal_protocol_gpu0.sh","1.7"
"E:\TSE\github_stage1_quality_v3_freeze_20260609\result_summaries\core_matrix_small_artifacts_20260609\results\bsrnn_three_cue_normal_basic_content\content_wavlm\usef_ft13\wavlm_base_plus_summary_1s.json","1.7"
"E:\TSE\github_stage1_quality_v3_freeze_20260609\result_summaries\core_matrix_small_artifacts_20260609\results\similar_content_v3_quality_first_all_backbones\content_diagnostic\pretrained_usef_tfgridnet_scv3_quality\content_ssl\ssl_content_summary_1s.json","1.6"
"E:\TSE\github_stage1_quality_v3_freeze_20260609\result_summaries\core_matrix_small_artifacts_20260609\results\similar_content_v3_quality_first_all_backbones\content_diagnostic\bsrnn_context_scv3_quality\content_ssl\ssl_content_summary_1s.json","1.6"
"E:\TSE\github_stage1_quality_v3_freeze_20260609\result_summaries\core_matrix_small_artifacts_20260609\results\pretrained_usef_tfgridnet_normal_easy\content_diagnostic\normal_easy\content_ssl\ssl_content_summary_1s.json","1.6"
"E:\TSE\github_stage1_quality_v3_freeze_20260609\result_summaries\core_matrix_small_artifacts_20260609\results\pretrained_usef_tfgridnet_normal_easy\content_diagnostic\normal_easy\content_hubert\hubert_base_summary_1s.json","1.6"
"E:\TSE\github_stage1_quality_v3_freeze_20260609\result_summaries\core_matrix_small_artifacts_20260609\results\bsrnn_three_cue_normal_basic_content\content_wavlm\context_ft13\wavlm_base_plus_summary_1s.json","1.6"
"E:\TSE\github_stage1_quality_v3_freeze_20260609\result_summaries\core_matrix_small_artifacts_20260609\results\similar_content_v3_quality_first_all_backbones\content_diagnostic\pretrained_tfmap_context_scv3_quality\content_ssl\ssl_content_summary_1s.json","1.6"
"E:\TSE\github_stage1_quality_v3_freeze_20260609\result_summaries\core_matrix_small_artifacts_20260609\results\bsrnn_three_cue_normal_basic_content\content_ssl\tfmap_ft13\ssl_content_summary_1s.json","1.6"
"E:\TSE\github_stage1_quality_v3_freeze_20260609\result_summaries\core_matrix_small_artifacts_20260609\results\similar_content_v3_quality_first_all_backbones\content_diagnostic\bsrnn_tfmap_scv3_quality\content_ssl\ssl_content_summary_1s.json","1.6"
"E:\TSE\github_stage1_quality_v3_freeze_20260609\result_summaries\core_matrix_small_artifacts_20260609\training\normal_basic_single_cue_logs\bsrnn_continue_a100_20260607\scripts\watch_bsrnn_continue.sh","1.6"
"E:\TSE\github_stage1_quality_v3_freeze_20260609\result_summaries\core_matrix_small_artifacts_20260609\results\bsrnn_three_cue_normal_basic_content\content_hubert\usef_ft13\hubert_base_summary_1s.json","1.6"
"E:\TSE\github_stage1_quality_v3_freeze_20260609\result_summaries\core_matrix_small_artifacts_20260609\results\bsrnn_three_cue_normal_basic_content\content_hubert\context_ft13\hubert_base_summary_1s.json","1.6"
"E:\TSE\github_stage1_quality_v3_freeze_20260609\result_summaries\core_matrix_small_artifacts_20260609\results\bsrnn_three_cue_normal_basic_content\content_ssl\usef_ft13\ssl_content_summary_1s.json","1.6"
"E:\TSE\github_stage1_quality_v3_freeze_20260609\result_summaries\core_matrix_small_artifacts_20260609\results\bsrnn_three_cue_normal_basic_content\content_ssl\context_ft13\ssl_content_summary_1s.json","1.6"
"E:\TSE\github_stage1_quality_v3_freeze_20260609\result_summaries\core_matrix_small_artifacts_20260609\results\pretrained_usef_tfgridnet_normal_easy\src\utils\average.py","1.6"
"E:\TSE\github_stage1_quality_v3_freeze_20260609\result_summaries\core_matrix_small_artifacts_20260609\results\bsrnn_three_cue_normal_basic_speaker_and_traditional\simspk_sisnri_full\run_queue_gpu0_after_fixed.sh","1.6"
"E:\TSE\github_stage1_quality_v3_freeze_20260609\result_summaries\core_matrix_small_artifacts_20260609\results\bsrnn_three_cue_normal_basic_speaker_and_traditional\normal_basic_multiverifier_protocol_fixed_1k\tfmap_ft13\aggregate_report.json","1.5"
"E:\TSE\github_stage1_quality_v3_freeze_20260609\result_summaries\core_matrix_small_artifacts_20260609\results\bsrnn_three_cue_normal_basic_speaker_and_traditional\normal_basic_multiverifier_protocol_fixed_1k\context_ft13\aggregate_report.json","1.5"
"E:\TSE\github_stage1_quality_v3_freeze_20260609\result_summaries\core_matrix_small_artifacts_20260609\results\bsrnn_three_cue_normal_basic_speaker_and_traditional\normal_basic_multiverifier_protocol_fixed_1k\usef_ft13\aggregate_report.json","1.5"
"E:\TSE\github_stage1_quality_v3_freeze_20260609\result_summaries\core_matrix_small_artifacts_20260609\results\bsrnn_three_cue_normal_basic_speaker_and_traditional\simspk_sisnri_full\run_queue_gpu0.sh","1.5"
"E:\TSE\github_stage1_quality_v3_freeze_20260609\result_summaries\core_matrix_small_artifacts_20260609\results\pretrained_tfmap_context_speaker_diag\scripts\summarize_tfmc_speaker_diag.py","1.5"
"E:\TSE\github_stage1_quality_v3_freeze_20260609\result_summaries\core_matrix_small_artifacts_20260609\results\pretrained_usef_tfgridnet_normal_easy\src\models\local\PositionalEncoding.py","1.4"
"E:\TSE\github_stage1_quality_v3_freeze_20260609\result_summaries\core_matrix_small_artifacts_20260609\results\pretrained_usef_tfgridnet_normal_easy\src\models\local\get_layer_from_string.py","1.4"
"E:\TSE\github_stage1_quality_v3_freeze_20260609\result_summaries\core_matrix_small_artifacts_20260609\results\bsrnn_three_cue_normal_basic_speaker_and_traditional\run_normal_protocol_gpu1.sh","1.4"
"E:\TSE\github_stage1_quality_v3_freeze_20260609\result_summaries\core_matrix_small_artifacts_20260609\results\bsrnn_three_cue_normal_basic_content\run_content_diag_gpu1.sh","1.3"
"E:\TSE\github_stage1_quality_v3_freeze_20260609\result_summaries\core_matrix_small_artifacts_20260609\training\normal_basic_single_cue_logs\bsrnn_stage2_short_continuation_a800_20260608\scripts\start_context_after_usef.sh","1.3"
"E:\TSE\github_stage1_quality_v3_freeze_20260609\result_summaries\core_matrix_small_artifacts_20260609\results\bsrnn_three_cue_normal_basic_speaker_and_traditional\bsrnn_simspk_traditional_metrics_summary.csv","1.3"
"E:\TSE\github_stage1_quality_v3_freeze_20260609\result_summaries\core_matrix_small_artifacts_20260609\results\bsrnn_three_cue_normal_basic_speaker_and_traditional\run_normal_protocol_fixed_gpu1.sh","1.3"
"E:\TSE\github_stage1_quality_v3_freeze_20260609\result_summaries\core_matrix_small_artifacts_20260609\results\pretrained_usef_tfgridnet_speaker_v3\hard_v3_speaker_side_v1_v2_v3_compare.csv","1.2"
"E:\TSE\github_stage1_quality_v3_freeze_20260609\result_summaries\core_matrix_small_artifacts_20260609\results\pretrained_tfmap_context_speaker_diag\tfmap_context_speaker_local_diagnostic_summary.csv","1.2"
"E:\TSE\github_stage1_quality_v3_freeze_20260609\result_summaries\core_matrix_small_artifacts_20260609\training\normal_basic_single_cue_logs\bsrnn_stage2_short_continuation_a800_20260608\scripts\start_stage2_wave.sh","1.1"
"E:\TSE\github_stage1_quality_v3_freeze_20260609\result_summaries\core_matrix_small_artifacts_20260609\results\paired_tail_attribution_usef_vs_tfmap_context_scv3\paired_category_summary.csv","1.1"
"E:\TSE\github_stage1_quality_v3_freeze_20260609\result_summaries\core_matrix_small_artifacts_20260609\results\pretrained_usef_tfgridnet_speaker_v2\run_hard_v2_speaker_diagnostic.sh","1"
"E:\TSE\github_stage1_quality_v3_freeze_20260609\result_summaries\core_matrix_small_artifacts_20260609\results\similar_content_v3_quality_first_all_backbones\README_AUTONOMOUS_RUN_20260609.md","1"
"E:\TSE\github_stage1_quality_v3_freeze_20260609\result_summaries\core_matrix_small_artifacts_20260609\results\bsrnn_three_cue_normal_basic_content\run_context_content_gpu0_split.sh","1"
"E:\TSE\github_stage1_quality_v3_freeze_20260609\result_summaries\core_matrix_small_artifacts_20260609\results\bsrnn_three_cue_speaker_v3\run_speaker_diag_queue_gpu0.sh","0.9"
"E:\TSE\github_stage1_quality_v3_freeze_20260609\result_summaries\core_matrix_small_artifacts_20260609\results\paired_tail_attribution_usef_vs_tfmap_context_scv3\README.txt","0.9"
"E:\TSE\github_stage1_quality_v3_freeze_20260609\result_summaries\core_matrix_small_artifacts_20260609\results\pretrained_tfmap_context_speaker_diag\smoke_tfmap_context_hsimv3_sir0db\speaker_multiverifier_per_utterance_1s.csv","0.9"
"E:\TSE\github_stage1_quality_v3_freeze_20260609\result_summaries\core_matrix_small_artifacts_20260609\results\bsrnn_three_cue_speaker_v3\run_speaker_diag_queue_gpu1.sh","0.9"
"E:\TSE\github_stage1_quality_v3_freeze_20260609\result_summaries\core_matrix_small_artifacts_20260609\training\normal_basic_single_cue_logs\bsrnn_continue_a100_20260607\scripts\start_two_jobs.sh","0.9"
"E:\TSE\github_stage1_quality_v3_freeze_20260609\result_summaries\core_matrix_small_artifacts_20260609\training\normal_basic_single_cue_logs\bsrnn_stage2_short_continuation_a800_20260608\scripts\status.sh","0.9"
"E:\TSE\github_stage1_quality_v3_freeze_20260609\result_summaries\core_matrix_small_artifacts_20260609\results\pretrained_tfmap_context_inference\bundles\tfmap_context_hsimv3_sirm3db\full_infer\metric_summary.json","0.9"
"E:\TSE\github_stage1_quality_v3_freeze_20260609\result_summaries\core_matrix_small_artifacts_20260609\results\pretrained_tfmap_context_inference\bundles\tfmap_context_hsimv2_sir0db\full_infer\metric_summary.json","0.9"
"E:\TSE\github_stage1_quality_v3_freeze_20260609\result_summaries\core_matrix_small_artifacts_20260609\results\pretrained_tfmap_context_inference\bundles\tfmap_context_hsimv3_sir0db\full_infer\metric_summary.json","0.9"
"E:\TSE\github_stage1_quality_v3_freeze_20260609\result_summaries\core_matrix_small_artifacts_20260609\training\normal_basic_single_cue_logs\bsrnn_continue_a100_20260607\scripts\start_two_jobs_bs8.sh","0.8"
"E:\TSE\github_stage1_quality_v3_freeze_20260609\result_summaries\core_matrix_small_artifacts_20260609\results\bsrnn_three_cue_normal_basic_speaker_and_traditional\normal_easy_protocol_fixed_summary.csv","0.8"
"E:\TSE\github_stage1_quality_v3_freeze_20260609\result_summaries\core_matrix_small_artifacts_20260609\results\pretrained_tfmap_context_inference\bundles\tfmap_context_normal_easy\full_infer\metric_summary.json","0.8"
"E:\TSE\github_stage1_quality_v3_freeze_20260609\result_summaries\core_matrix_small_artifacts_20260609\results\pretrained_tfmap_context_inference\bundles\tfmap_context_hsimv3_sirm5db\full_infer\metric_summary.json","0.8"
"E:\TSE\github_stage1_quality_v3_freeze_20260609\result_summaries\core_matrix_small_artifacts_20260609\results\pretrained_tfmap_context_inference\bundles\tfmap_context_hsimv2_sirm3db\full_infer\metric_summary.json","0.8"
"E:\TSE\github_stage1_quality_v3_freeze_20260609\result_summaries\core_matrix_small_artifacts_20260609\results\pretrained_tfmap_context_inference\bundles\tfmap_context_hsimv3_sir0db\full_infer\metric_summary_shard3.json","0.8"
"E:\TSE\github_stage1_quality_v3_freeze_20260609\result_summaries\core_matrix_small_artifacts_20260609\results\pretrained_tfmap_context_inference\bundles\tfmap_context_hsimv3_sirm3db\full_infer\metric_summary_shard2.json","0.8"
"E:\TSE\github_stage1_quality_v3_freeze_20260609\result_summaries\core_matrix_small_artifacts_20260609\results\similar_content_v3_quality_first_all_backbones\bundles\pretrained_tfmap_context_scv3_quality\full_infer\metric_summary_shard1.json","0.8"
"E:\TSE\github_stage1_quality_v3_freeze_20260609\result_summaries\core_matrix_small_artifacts_20260609\results\pretrained_tfmap_context_inference\bundles\tfmap_context_hsimv2_sirm3db\full_infer\metric_summary_shard1.json","0.8"
"E:\TSE\github_stage1_quality_v3_freeze_20260609\result_summaries\core_matrix_small_artifacts_20260609\results\pretrained_tfmap_context_inference\bundles\tfmap_context_hsimv3_sir0db\full_infer\metric_summary_shard1.json","0.8"
"E:\TSE\github_stage1_quality_v3_freeze_20260609\result_summaries\core_matrix_small_artifacts_20260609\results\pretrained_tfmap_context_inference\bundles\tfmap_context_normal_easy\full_infer\metric_summary_shard1.json","0.8"
"E:\TSE\github_stage1_quality_v3_freeze_20260609\result_summaries\core_matrix_small_artifacts_20260609\results\pretrained_tfmap_context_inference\bundles\tfmap_context_hsimv2_sir0db\full_infer\metric_summary_shard1.json","0.8"
"E:\TSE\github_stage1_quality_v3_freeze_20260609\result_summaries\core_matrix_small_artifacts_20260609\results\pretrained_tfmap_context_inference\bundles\tfmap_context_hsimv3_sir0db\full_infer\metric_summary_shard2.json","0.8"
"E:\TSE\github_stage1_quality_v3_freeze_20260609\result_summaries\core_matrix_small_artifacts_20260609\results\similar_content_v3_quality_first_all_backbones\bundles\pretrained_tfmap_context_scv3_quality\full_infer\metric_summary_shard0.json","0.8"
"E:\TSE\github_stage1_quality_v3_freeze_20260609\result_summaries\core_matrix_small_artifacts_20260609\results\pretrained_tfmap_context_inference\bundles\tfmap_context_hsimv3_sir0db\full_infer\metric_summary_shard0.json","0.8"
"E:\TSE\github_stage1_quality_v3_freeze_20260609\result_summaries\core_matrix_small_artifacts_20260609\results\similar_content_v3_quality_first_all_backbones\bundles\pretrained_tfmap_context_scv3_quality\full_infer\metric_summary.json","0.8"
"E:\TSE\github_stage1_quality_v3_freeze_20260609\result_summaries\core_matrix_small_artifacts_20260609\results\pretrained_tfmap_context_inference\bundles\tfmap_context_hsimv3_sirm3db\full_infer\metric_summary_shard1.json","0.8"
"E:\TSE\github_stage1_quality_v3_freeze_20260609\result_summaries\core_matrix_small_artifacts_20260609\results\pretrained_tfmap_context_inference\bundles\tfmap_context_normal_easy\full_infer\metric_summary_shard0.json","0.8"
"E:\TSE\github_stage1_quality_v3_freeze_20260609\result_summaries\core_matrix_small_artifacts_20260609\results\pretrained_tfmap_context_inference\bundles\tfmap_context_hsimv3_sirm3db\full_infer\metric_summary_shard0.json","0.8"
"E:\TSE\github_stage1_quality_v3_freeze_20260609\result_summaries\core_matrix_small_artifacts_20260609\results\pretrained_tfmap_context_inference\bundles\tfmap_context_hsimv3_sirm3db\full_infer\metric_summary_shard3.json","0.8"
"E:\TSE\github_stage1_quality_v3_freeze_20260609\result_summaries\core_matrix_small_artifacts_20260609\results\pretrained_tfmap_context_inference\bundles\tfmap_context_hsimv2_sirm3db\full_infer\metric_summary_shard3.json","0.8"
"E:\TSE\github_stage1_quality_v3_freeze_20260609\result_summaries\core_matrix_small_artifacts_20260609\results\pretrained_tfmap_context_inference\bundles\tfmap_context_hsimv3_sirm5db\full_infer\metric_summary_shard1.json","0.8"
"E:\TSE\github_stage1_quality_v3_freeze_20260609\result_summaries\core_matrix_small_artifacts_20260609\results\pretrained_tfmap_context_inference\bundles\tfmap_context_hsimv3_sirm5db\full_infer\metric_summary_shard2.json","0.8"
"E:\TSE\github_stage1_quality_v3_freeze_20260609\result_summaries\core_matrix_small_artifacts_20260609\results\pretrained_tfmap_context_inference\bundles\tfmap_context_hsimv3_sirm5db\full_infer\metric_summary_shard3.json","0.8"
"E:\TSE\github_stage1_quality_v3_freeze_20260609\result_summaries\core_matrix_small_artifacts_20260609\results\pretrained_tfmap_context_inference\bundles\tfmap_context_hsimv2_sirm3db\full_infer\metric_summary_shard0.json","0.8"
"E:\TSE\github_stage1_quality_v3_freeze_20260609\result_summaries\core_matrix_small_artifacts_20260609\results\pretrained_tfmap_context_inference\bundles\tfmap_context_hsimv3_sirm5db\full_infer\metric_summary_shard0.json","0.8"
"E:\TSE\github_stage1_quality_v3_freeze_20260609\result_summaries\core_matrix_small_artifacts_20260609\results\pretrained_tfmap_context_inference\bundles\tfmap_context_hsimv2_sir0db\full_infer\metric_summary_shard0.json","0.8"
"E:\TSE\github_stage1_quality_v3_freeze_20260609\result_summaries\core_matrix_small_artifacts_20260609\results\pretrained_tfmap_context_inference\bundles\tfmap_context_hsimv2_sirm3db\full_infer\metric_summary_shard2.json","0.8"
"E:\TSE\github_stage1_quality_v3_freeze_20260609\result_summaries\core_matrix_small_artifacts_20260609\results\similar_content_v3_quality_first_all_backbones\scripts\run_remaining_content_diag_queue.sh","0.7"
"E:\TSE\github_stage1_quality_v3_freeze_20260609\result_summaries\core_matrix_small_artifacts_20260609\results\pretrained_usef_tfgridnet_speaker_v3\hard_v3_inference_summary_compare.csv","0.7"
"E:\TSE\github_stage1_quality_v3_freeze_20260609\result_summaries\core_matrix_small_artifacts_20260609\results\similar_content_v3_quality_first_all_backbones\full_whisper_large_v3\shard0\quality_smoke40_whisper_summary.json","0.7"
"E:\TSE\github_stage1_quality_v3_freeze_20260609\result_summaries\core_matrix_small_artifacts_20260609\results\similar_content_v3_quality_first_all_backbones\full_whisper_large_v3\quality_smoke40_whisper_summary.json","0.7"
"E:\TSE\github_stage1_quality_v3_freeze_20260609\result_summaries\core_matrix_small_artifacts_20260609\results\bsrnn_three_cue_normal_basic_content\run_context_content_gpu1_split.sh","0.7"
"E:\TSE\github_stage1_quality_v3_freeze_20260609\result_summaries\core_matrix_small_artifacts_20260609\results\bsrnn_three_cue_normal_basic_speaker_and_traditional\normal_basic_fixed_traditional_sisnri_summary.csv","0.7"
"E:\TSE\github_stage1_quality_v3_freeze_20260609\result_summaries\core_matrix_small_artifacts_20260609\results\similar_content_v3_quality_first_all_backbones\full_whisper_large_v3\shard1\quality_smoke40_whisper_summary.json","0.6"
"E:\TSE\github_stage1_quality_v3_freeze_20260609\result_summaries\core_matrix_small_artifacts_20260609\results\pretrained_usef_tfgridnet_normal_easy\src\models\local\torch_audio_backend.py","0.6"
"E:\TSE\github_stage1_quality_v3_freeze_20260609\result_summaries\core_matrix_small_artifacts_20260609\training\normal_basic_single_cue_logs\bsrnn_continue_a100_20260607\scripts\status.sh","0.6"
"E:\TSE\github_stage1_quality_v3_freeze_20260609\result_summaries\core_matrix_small_artifacts_20260609\results\paired_tail_attribution_usef_vs_tfmap_context_scv3\paired_overall_summary.csv","0.5"
"E:\TSE\github_stage1_quality_v3_freeze_20260609\result_summaries\core_matrix_small_artifacts_20260609\results\bsrnn_three_cue_normal_basic_speaker_and_traditional\normal_basic_multiverifier_protocol_1k\tfmap_ft13\aggregate_report.json","0.5"
"E:\TSE\github_stage1_quality_v3_freeze_20260609\result_summaries\core_matrix_small_artifacts_20260609\results\bsrnn_three_cue_normal_basic_speaker_and_traditional\normal_basic_multiverifier_protocol_1k\usef_ft13\aggregate_report.json","0.5"
"E:\TSE\github_stage1_quality_v3_freeze_20260609\result_summaries\core_matrix_small_artifacts_20260609\results\similar_content_v3_quality_first_all_backbones\bundles\pretrained_usef_tfgridnet_scv3_quality\full_infer\sisdr_recomputed_summary.json","0.4"
"E:\TSE\github_stage1_quality_v3_freeze_20260609\result_summaries\core_matrix_small_artifacts_20260609\results\bsrnn_three_cue_normal_basic_content\run_context_export.sh","0.4"
"E:\TSE\github_stage1_quality_v3_freeze_20260609\result_summaries\core_matrix_small_artifacts_20260609\results\bsrnn_three_cue_normal_basic_content\run_export_gpu0.sh","0.4"
"E:\TSE\github_stage1_quality_v3_freeze_20260609\result_summaries\core_matrix_small_artifacts_20260609\results\similar_content_v3_quality_first_all_backbones\bundles\pretrained_usef_tfgridnet_scv3_quality\full_infer\metric_summary.json","0.4"
"E:\TSE\github_stage1_quality_v3_freeze_20260609\result_summaries\core_matrix_small_artifacts_20260609\docs\REMOTE_CORE_INVENTORY.md","0.4"
"E:\TSE\github_stage1_quality_v3_freeze_20260609\result_summaries\core_matrix_small_artifacts_20260609\pretrained\real_tse_baselines_metadata\aria2_attempt\cookies2.txt","0.4"
"E:\TSE\github_stage1_quality_v3_freeze_20260609\result_summaries\core_matrix_small_artifacts_20260609\pretrained\real_tse_baselines_metadata\aria2_attempt\cookies.txt","0.4"
"E:\TSE\github_stage1_quality_v3_freeze_20260609\result_summaries\core_matrix_small_artifacts_20260609\results\bsrnn_three_cue_normal_basic_content\run_export_gpu1.sh","0.3"
"E:\TSE\github_stage1_quality_v3_freeze_20260609\result_summaries\core_matrix_small_artifacts_20260609\manifests\librimix_basic_clean\build_summary.json","0.3"
"E:\TSE\github_stage1_quality_v3_freeze_20260609\result_summaries\core_matrix_small_artifacts_20260609\manifests\librimix_similar_content_v3_quality_first\clean\test\build_plan_stats.json","0.3"
"E:\TSE\github_stage1_quality_v3_freeze_20260609\result_summaries\core_matrix_small_artifacts_20260609\results\similar_content_v3_quality_first_all_backbones\bundles\quality_first_scv3_content\bsrnn\cues.yaml","0.3"
"E:\TSE\github_stage1_quality_v3_freeze_20260609\result_summaries\core_matrix_small_artifacts_20260609\results\bsrnn_three_cue_normal_basic_speaker_and_traditional\simspk_sisnri_full_summary.csv","0.2"
"E:\TSE\github_stage1_quality_v3_freeze_20260609\result_summaries\core_matrix_small_artifacts_20260609\results\similar_content_v3_quality_first_all_backbones\bundles\quality_first_scv3_content\bundle_summary.json","0.2"
"E:\TSE\github_stage1_quality_v3_freeze_20260609\result_summaries\core_matrix_small_artifacts_20260609\manifests\librimix_similar_speaker_hard_v3_sirm3db\test\cues.yaml","0.2"
"E:\TSE\github_stage1_quality_v3_freeze_20260609\result_summaries\core_matrix_small_artifacts_20260609\manifests\librimix_similar_speaker_hard_v3_sirm5db\test\cues.yaml","0.2"
"E:\TSE\github_stage1_quality_v3_freeze_20260609\result_summaries\core_matrix_small_artifacts_20260609\manifests\librimix_similar_speaker_hard_v2_sirm3db\test\cues.yaml","0.2"
"E:\TSE\github_stage1_quality_v3_freeze_20260609\result_summaries\core_matrix_small_artifacts_20260609\manifests\librimix_similar_speaker_hard_v3_sir0db\test\cues.yaml","0.2"
"E:\TSE\github_stage1_quality_v3_freeze_20260609\result_summaries\core_matrix_small_artifacts_20260609\manifests\librimix_similar_speaker_hard_v2_sir0db\test\cues.yaml","0.2"
"E:\TSE\github_stage1_quality_v3_freeze_20260609\result_summaries\core_matrix_small_artifacts_20260609\manifests\librimix_basic_clean\test\cues.yaml","0.2"
"E:\TSE\github_stage1_quality_v3_freeze_20260609\result_summaries\core_matrix_small_artifacts_20260609\manifests\librimix_basic_clean\dev\cues.yaml","0.2"
"E:\TSE\github_stage1_quality_v3_freeze_20260609\result_summaries\core_matrix_small_artifacts_20260609\manifests\librimix_basic_clean\train-100\cues.yaml","0.2"
"E:\TSE\github_stage1_quality_v3_freeze_20260609\result_summaries\core_matrix_small_artifacts_20260609\pretrained\real_tse_baselines_metadata\aria2_attempt\direct_url.txt","0.1"
"E:\TSE\github_stage1_quality_v3_freeze_20260609\result_summaries\core_matrix_small_artifacts_20260609\manifests\librimix_basic_clean\train-100\build_stats.json","0.1"
"E:\TSE\github_stage1_quality_v3_freeze_20260609\result_summaries\core_matrix_small_artifacts_20260609\manifests\librimix_basic_clean\test\build_stats.json","0.1"
"E:\TSE\github_stage1_quality_v3_freeze_20260609\result_summaries\core_matrix_small_artifacts_20260609\manifests\librimix_basic_clean\dev\build_stats.json","0.1"
"E:\TSE\github_stage1_quality_v3_freeze_20260609\result_summaries\core_matrix_small_artifacts_20260609\results\bsrnn_three_cue_normal_basic_speaker_and_traditional\normal_basic_multiverifier_protocol_1k\tfmap_ft13\per_utterance_summary.csv","0"
"E:\TSE\github_stage1_quality_v3_freeze_20260609\result_summaries\core_matrix_small_artifacts_20260609\results\bsrnn_three_cue_normal_basic_speaker_and_traditional\normal_basic_multiverifier_protocol_1k\usef_ft13\per_utterance_summary.csv","0"
"E:\TSE\github_stage1_quality_v3_freeze_20260609\result_summaries\core_matrix_small_artifacts_20260609\results\pretrained_usef_tfgridnet_normal_easy\src\models\local\__init__.py","0"
"E:\TSE\github_stage1_quality_v3_freeze_20260609\result_summaries\core_matrix_small_artifacts_20260609\results\pretrained_usef_tfgridnet_normal_easy\src\models\__init__.py","0"
"E:\TSE\github_stage1_quality_v3_freeze_20260609\result_summaries\core_matrix_small_artifacts_20260609\results\pretrained_usef_tfgridnet_normal_easy\src\utils\__init__.py","0"
"E:\TSE\github_stage1_quality_v3_freeze_20260609\result_summaries\core_matrix_small_artifacts_20260609\docs\size_report_github_pruned.csv","0"
"E:\TSE\github_stage1_quality_v3_freeze_20260609\result_summaries\core_matrix_small_artifacts_20260609\results\pretrained_usef_tfgridnet_normal_easy\src\dataset\__init__.py","0"
