cue,key,target_spk,interferer_spk,target_text,sisnr_i,relative_band,failure_cause,content_mismatch_rate,joint_content_waveform_rate,waveform_interferer_rate,mean_content_gap,min_content_gap,speaker_mismatch_rate_1s,speaker_mismatch_rate_2s,speaker_gap_mean_1s,local_sisdr_gap_mean_1s,est_path,target_ref,interferer_ref,synthetic_interferer
context,1995-1836-0009_672-122797-0047__T2__SCV2TTS__672-672-122797-0047__VOICE__1995,672,1995,HOW KIND MAN IS AFTER ALL,-24.43566689292254,absolute_failure_lt0,ordinary_separation_failure_or_unattributed,0.0,0.0,1.0,0.06293479489929421,0.06293479489929421,0.0,nan,0.17979482946818273,35.32651937920026,/data/tse_cue_project/experiments/normal_basic_single_cue_content_diagnostic/similar_content_v2_tts/context/inference_full/est_wav/1995-1836-0009_672-122797-0047__T2__SCV2TTS__672-672-122797-0047__VOICE__1995.wav,/data/tse_cue_project/datasets/Libri2Mix_similar_content_v2_tts/clean/test/wav16k/min/test/s1/1995-1836-0009_672-122797-0047__T2__SCV2TTS__672-672-122797-0047__VOICE__1995.wav,/data/tse_cue_project/datasets/Libri2Mix_similar_content_v2_tts/clean/test/wav16k/min/test/s2/1995-1836-0009_672-122797-0047__T2__SCV2TTS__672-672-122797-0047__VOICE__1995.wav,/data/tse_cue_project/manifests/librimix_similar_content_v2_tts/clean/test/synthetic_interferer/1995-1836-0009_672-122797-0047__T2__SCV2TTS__672-672-122797-0047__VOICE__1995.wav
context,672-122797-0063_1320-122617-0025__T1__SCV2TTS__672-672-122797-0063__VOICE__1320,672,1320,THEN GOOD BYE SAID THE RATS AND THEY WENT HOME,-23.721866043690067,absolute_failure_lt0,confirmed_content_drift,1.0,1.0,1.0,-0.014369071099019637,-0.014369071099019637,0.0,nan,0.22208532246831247,45.31917333919714,/data/tse_cue_project/experiments/normal_basic_single_cue_content_diagnostic/similar_content_v2_tts/context/inference_full/est_wav/672-122797-0063_1320-122617-0025__T1__SCV2TTS__672-672-122797-0063__VOICE__1320.wav,/data/tse_cue_project/datasets/Libri2Mix_similar_content_v2_tts/clean/test/wav16k/min/test/s1/672-122797-0063_1320-122617-0025__T1__SCV2TTS__672-672-122797-0063__VOICE__1320.wav,/data/tse_cue_project/datasets/Libri2Mix_similar_content_v2_tts/clean/test/wav16k/min/test/s2/672-122797-0063_1320-122617-0025__T1__SCV2TTS__672-672-122797-0063__VOICE__1320.wav,/data/tse_cue_project/manifests/librimix_similar_content_v2_tts/clean/test/synthetic_interferer/672-122797-0063_1320-122617-0025__T1__SCV2TTS__672-672-122797-0063__VOICE__1320.wav
context,8230-279154-0027_672-122797-0057__T2__SCV2TTS__672-672-122797-0057__VOICE__8230,672,8230,YES IN REALITY THOSE WERE HAPPY TIMES,-23.30904599057692,absolute_failure_lt0,confirmed_content_drift,1.0,1.0,1.0,-0.22039434253793763,-0.3035809336981263,0.0,0.0,0.3392544960392649,37.017543169035584,/data/tse_cue_project/experiments/normal_basic_single_cue_content_diagnostic/similar_content_v2_tts/context/inference_full/est_wav/8230-279154-0027_672-122797-0057__T2__SCV2TTS__672-672-122797-0057__VOICE__8230.wav,/data/tse_cue_project/datasets/Libri2Mix_similar_content_v2_tts/clean/test/wav16k/min/test/s1/8230-279154-0027_672-122797-0057__T2__SCV2TTS__672-672-122797-0057__VOICE__8230.wav,/data/tse_cue_project/datasets/Libri2Mix_similar_content_v2_tts/clean/test/wav16k/min/test/s2/8230-279154-0027_672-122797-0057__T2__SCV2TTS__672-672-122797-0057__VOICE__8230.wav,/data/tse_cue_project/manifests/librimix_similar_content_v2_tts/clean/test/synthetic_interferer/8230-279154-0027_672-122797-0057__T2__SCV2TTS__672-672-122797-0057__VOICE__8230.wav
context,672-122797-0060_7729-102255-0035__T1__SCV2TTS__672-672-122797-0060__VOICE__7729,672,7729,IT IS A VERY STUPID STORY,-22.72000013281208,absolute_failure_lt0,confirmed_content_drift,1.0,1.0,1.0,-0.02417105387982965,-0.02417105387982965,0.0,nan,0.37571610131446104,24.256238465851776,/data/tse_cue_project/experiments/normal_basic_single_cue_content_diagnostic/similar_content_v2_tts/context/inference_full/est_wav/672-122797-0060_7729-102255-0035__T1__SCV2TTS__672-672-122797-0060__VOICE__7729.wav,/data/tse_cue_project/datasets/Libri2Mix_similar_content_v2_tts/clean/test/wav16k/min/test/s1/672-122797-0060_7729-102255-0035__T1__SCV2TTS__672-672-122797-0060__VOICE__7729.wav,/data/tse_cue_project/datasets/Libri2Mix_similar_content_v2_tts/clean/test/wav16k/min/test/s2/672-122797-0060_7729-102255-0035__T1__SCV2TTS__672-672-122797-0060__VOICE__7729.wav,/data/tse_cue_project/manifests/librimix_similar_content_v2_tts/clean/test/synthetic_interferer/672-122797-0060_7729-102255-0035__T1__SCV2TTS__672-672-122797-0060__VOICE__7729.wav
context,1320-122617-0015_672-122797-0051__T2__SCV2TTS__672-672-122797-0051__VOICE__1320,672,1320,I AM BY NO MEANS OLD SAID THE FIR TREE,-22.382797077649244,absolute_failure_lt0,confirmed_content_drift,1.0,1.0,1.0,-0.22909235496099956,-0.22909235496099956,0.0,nan,0.3548334337584768,38.44070125391973,/data/tse_cue_project/experiments/normal_basic_single_cue_content_diagnostic/similar_content_v2_tts/context/inference_full/est_wav/1320-122617-0015_672-122797-0051__T2__SCV2TTS__672-672-122797-0051__VOICE__1320.wav,/data/tse_cue_project/datasets/Libri2Mix_similar_content_v2_tts/clean/test/wav16k/min/test/s1/1320-122617-0015_672-122797-0051__T2__SCV2TTS__672-672-122797-0051__VOICE__1320.wav,/data/tse_cue_project/datasets/Libri2Mix_similar_content_v2_tts/clean/test/wav16k/min/test/s2/1320-122617-0015_672-122797-0051__T2__SCV2TTS__672-672-122797-0051__VOICE__1320.wav,/data/tse_cue_project/manifests/librimix_similar_content_v2_tts/clean/test/synthetic_interferer/1320-122617-0015_672-122797-0051__T2__SCV2TTS__672-672-122797-0051__VOICE__1320.wav
context,672-122797-0048_61-70968-0020__T1__SCV2TTS__672-672-122797-0048__VOICE__61,672,61,IF IT ONLY WERE NOT SO DARK HERE AND SO TERRIBLY LONELY,-21.78852764466584,absolute_failure_lt0,confirmed_content_drift,0.6666666666666666,0.6666666666666666,1.0,-0.2737111662304552,-0.42555172936679525,0.0,0.0,0.500135096224641,30.76435140216564,/data/tse_cue_project/experiments/normal_basic_single_cue_content_diagnostic/similar_content_v2_tts/context/inference_full/est_wav/672-122797-0048_61-70968-0020__T1__SCV2TTS__672-672-122797-0048__VOICE__61.wav,/data/tse_cue_project/datasets/Libri2Mix_similar_content_v2_tts/clean/test/wav16k/min/test/s1/672-122797-0048_61-70968-0020__T1__SCV2TTS__672-672-122797-0048__VOICE__61.wav,/data/tse_cue_project/datasets/Libri2Mix_similar_content_v2_tts/clean/test/wav16k/min/test/s2/672-122797-0048_61-70968-0020__T1__SCV2TTS__672-672-122797-0048__VOICE__61.wav,/data/tse_cue_project/manifests/librimix_similar_content_v2_tts/clean/test/synthetic_interferer/672-122797-0048_61-70968-0020__T1__SCV2TTS__672-672-122797-0048__VOICE__61.wav
context,7176-88083-0013_672-122797-0058__T2__SCV2TTS__672-672-122797-0058__VOICE__7176,672,7176,WHO IS HUMPY DUMPY ASKED THE MICE,-21.226332305229377,absolute_failure_lt0,confirmed_content_drift,1.0,1.0,1.0,-0.27208244817887695,-0.3388195566124334,0.0,0.0,0.3385300740497808,32.54938792637824,/data/tse_cue_project/experiments/normal_basic_single_cue_content_diagnostic/similar_content_v2_tts/context/inference_full/est_wav/7176-88083-0013_672-122797-0058__T2__SCV2TTS__672-672-122797-0058__VOICE__7176.wav,/data/tse_cue_project/datasets/Libri2Mix_similar_content_v2_tts/clean/test/wav16k/min/test/s1/7176-88083-0013_672-122797-0058__T2__SCV2TTS__672-672-122797-0058__VOICE__7176.wav,/data/tse_cue_project/datasets/Libri2Mix_similar_content_v2_tts/clean/test/wav16k/min/test/s2/7176-88083-0013_672-122797-0058__T2__SCV2TTS__672-672-122797-0058__VOICE__7176.wav,/data/tse_cue_project/manifests/librimix_similar_content_v2_tts/clean/test/synthetic_interferer/7176-88083-0013_672-122797-0058__T2__SCV2TTS__672-672-122797-0058__VOICE__7176.wav
context,672-122797-0061_260-123286-0018__T1__SCV2TTS__672-672-122797-0061__VOICE__260,672,260,DON'T YOU KNOW ONE ABOUT BACON AND TALLOW CANDLES CAN'T YOU TELL ANY LARDER STORIES,-19.91507605393082,absolute_failure_lt0,confirmed_content_drift,1.0,1.0,1.0,-0.20615294715418198,-0.4814191869294062,0.0,0.0,0.2542930669896404,33.312857164743264,/data/tse_cue_project/experiments/normal_basic_single_cue_content_diagnostic/similar_content_v2_tts/context/inference_full/est_wav/672-122797-0061_260-123286-0018__T1__SCV2TTS__672-672-122797-0061__VOICE__260.wav,/data/tse_cue_project/datasets/Libri2Mix_similar_content_v2_tts/clean/test/wav16k/min/test/s1/672-122797-0061_260-123286-0018__T1__SCV2TTS__672-672-122797-0061__VOICE__260.wav,/data/tse_cue_project/datasets/Libri2Mix_similar_content_v2_tts/clean/test/wav16k/min/test/s2/672-122797-0061_260-123286-0018__T1__SCV2TTS__672-672-122797-0061__VOICE__260.wav,/data/tse_cue_project/manifests/librimix_similar_content_v2_tts/clean/test/synthetic_interferer/672-122797-0061_260-123286-0018__T1__SCV2TTS__672-672-122797-0061__VOICE__260.wav
context,672-122797-0060_8455-210777-0038__T1__SCV2TTS__672-672-122797-0060__VOICE__8455,672,8455,IT IS A VERY STUPID STORY,-19.27819102655101,absolute_failure_lt0,confirmed_content_drift,1.0,1.0,1.0,-0.14084469990374815,-0.14084469990374815,0.0,nan,0.15168608421698787,22.84063320960422,/data/tse_cue_project/experiments/normal_basic_single_cue_content_diagnostic/similar_content_v2_tts/context/inference_full/est_wav/672-122797-0060_8455-210777-0038__T1__SCV2TTS__672-672-122797-0060__VOICE__8455.wav,/data/tse_cue_project/datasets/Libri2Mix_similar_content_v2_tts/clean/test/wav16k/min/test/s1/672-122797-0060_8455-210777-0038__T1__SCV2TTS__672-672-122797-0060__VOICE__8455.wav,/data/tse_cue_project/datasets/Libri2Mix_similar_content_v2_tts/clean/test/wav16k/min/test/s2/672-122797-0060_8455-210777-0038__T1__SCV2TTS__672-672-122797-0060__VOICE__8455.wav,/data/tse_cue_project/manifests/librimix_similar_content_v2_tts/clean/test/synthetic_interferer/672-122797-0060_8455-210777-0038__T1__SCV2TTS__672-672-122797-0060__VOICE__8455.wav
context,672-122797-0005_260-123440-0018__T2__SCV2TTS__260-260-123440-0018__VOICE__672,260,672,I AM VERY TIRED OF SWIMMING ABOUT HERE O MOUSE,-17.89870534834342,absolute_failure_lt0,confirmed_content_drift,1.0,1.0,1.0,-0.2289177713810524,-0.27789175841290004,0.0,0.0,0.19084147574918192,26.324324820520445,/data/tse_cue_project/experiments/normal_basic_single_cue_content_diagnostic/similar_content_v2_tts/context/inference_full/est_wav/672-122797-0005_260-123440-0018__T2__SCV2TTS__260-260-123440-0018__VOICE__672.wav,/data/tse_cue_project/datasets/Libri2Mix_similar_content_v2_tts/clean/test/wav16k/min/test/s1/672-122797-0005_260-123440-0018__T2__SCV2TTS__260-260-123440-0018__VOICE__672.wav,/data/tse_cue_project/datasets/Libri2Mix_similar_content_v2_tts/clean/test/wav16k/min/test/s2/672-122797-0005_260-123440-0018__T2__SCV2TTS__260-260-123440-0018__VOICE__672.wav,/data/tse_cue_project/manifests/librimix_similar_content_v2_tts/clean/test/synthetic_interferer/672-122797-0005_260-123440-0018__T2__SCV2TTS__260-260-123440-0018__VOICE__672.wav
context,260-123288-0009_1320-122617-0023__T1__SCV2TTS__260-260-123288-0009__VOICE__1320,260,1320,THOSE CLOUDS SEEM AS IF THEY WERE GOING TO CRUSH THE SEA,-17.276370985947054,absolute_failure_lt0,confirmed_content_drift,1.0,1.0,1.0,-0.22770169675562357,-0.2528792123810667,0.0,nan,0.34959859244997604,31.579463425019846,/data/tse_cue_project/experiments/normal_basic_single_cue_content_diagnostic/similar_content_v2_tts/context/inference_full/est_wav/260-123288-0009_1320-122617-0023__T1__SCV2TTS__260-260-123288-0009__VOICE__1320.wav,/data/tse_cue_project/datasets/Libri2Mix_similar_content_v2_tts/clean/test/wav16k/min/test/s1/260-123288-0009_1320-122617-0023__T1__SCV2TTS__260-260-123288-0009__VOICE__1320.wav,/data/tse_cue_project/datasets/Libri2Mix_similar_content_v2_tts/clean/test/wav16k/min/test/s2/260-123288-0009_1320-122617-0023__T1__SCV2TTS__260-260-123288-0009__VOICE__1320.wav,/data/tse_cue_project/manifests/librimix_similar_content_v2_tts/clean/test/synthetic_interferer/260-123288-0009_1320-122617-0023__T1__SCV2TTS__260-260-123288-0009__VOICE__1320.wav
context,7021-79759-0000_672-122797-0065__T2__SCV2TTS__672-672-122797-0065__VOICE__7021,672,7021,NOW THAT TOO IS OVER,-17.068279598422862,absolute_failure_lt0,confirmed_content_drift,1.0,1.0,1.0,-0.17253142250228293,-0.17253142250228293,0.0,nan,0.20709501165213856,27.44699063235741,/data/tse_cue_project/experiments/normal_basic_single_cue_content_diagnostic/similar_content_v2_tts/context/inference_full/est_wav/7021-79759-0000_672-122797-0065__T2__SCV2TTS__672-672-122797-0065__VOICE__7021.wav,/data/tse_cue_project/datasets/Libri2Mix_similar_content_v2_tts/clean/test/wav16k/min/test/s1/7021-79759-0000_672-122797-0065__T2__SCV2TTS__672-672-122797-0065__VOICE__7021.wav,/data/tse_cue_project/datasets/Libri2Mix_similar_content_v2_tts/clean/test/wav16k/min/test/s2/7021-79759-0000_672-122797-0065__T2__SCV2TTS__672-672-122797-0065__VOICE__7021.wav,/data/tse_cue_project/manifests/librimix_similar_content_v2_tts/clean/test/synthetic_interferer/7021-79759-0000_672-122797-0065__T2__SCV2TTS__672-672-122797-0065__VOICE__7021.wav
context,672-122797-0039_7127-75946-0015__T1__SCV2TTS__672-672-122797-0039__VOICE__7127,672,7127,I WON'T TREMBLE TO MORROW THOUGHT THE FIR TREE,-16.245229106675062,absolute_failure_lt0,confirmed_content_drift,1.0,1.0,1.0,-0.14004903751655473,-0.14004903751655473,0.0,nan,0.30522842839850994,28.878150336288346,/data/tse_cue_project/experiments/normal_basic_single_cue_content_diagnostic/similar_content_v2_tts/context/inference_full/est_wav/672-122797-0039_7127-75946-0015__T1__SCV2TTS__672-672-122797-0039__VOICE__7127.wav,/data/tse_cue_project/datasets/Libri2Mix_similar_content_v2_tts/clean/test/wav16k/min/test/s1/672-122797-0039_7127-75946-0015__T1__SCV2TTS__672-672-122797-0039__VOICE__7127.wav,/data/tse_cue_project/datasets/Libri2Mix_similar_content_v2_tts/clean/test/wav16k/min/test/s2/672-122797-0039_7127-75946-0015__T1__SCV2TTS__672-672-122797-0039__VOICE__7127.wav,/data/tse_cue_project/manifests/librimix_similar_content_v2_tts/clean/test/synthetic_interferer/672-122797-0039_7127-75946-0015__T1__SCV2TTS__672-672-122797-0039__VOICE__7127.wav
context,3570-5695-0010_672-122797-0058__T2__SCV2TTS__672-672-122797-0058__VOICE__3570,672,3570,WHO IS HUMPY DUMPY ASKED THE MICE,-16.126376751804006,absolute_failure_lt0,confirmed_content_drift,1.0,1.0,1.0,-0.2130520570078092,-0.353893139310878,0.0,nan,0.40200823618307424,28.53491122066532,/data/tse_cue_project/experiments/normal_basic_single_cue_content_diagnostic/similar_content_v2_tts/context/inference_full/est_wav/3570-5695-0010_672-122797-0058__T2__SCV2TTS__672-672-122797-0058__VOICE__3570.wav,/data/tse_cue_project/datasets/Libri2Mix_similar_content_v2_tts/clean/test/wav16k/min/test/s1/3570-5695-0010_672-122797-0058__T2__SCV2TTS__672-672-122797-0058__VOICE__3570.wav,/data/tse_cue_project/datasets/Libri2Mix_similar_content_v2_tts/clean/test/wav16k/min/test/s2/3570-5695-0010_672-122797-0058__T2__SCV2TTS__672-672-122797-0058__VOICE__3570.wav,/data/tse_cue_project/manifests/librimix_similar_content_v2_tts/clean/test/synthetic_interferer/3570-5695-0010_672-122797-0058__T2__SCV2TTS__672-672-122797-0058__VOICE__3570.wav
context,672-122797-0065_8230-279154-0004__T1__SCV2TTS__672-672-122797-0065__VOICE__8230,672,8230,NOW THAT TOO IS OVER,-15.931018189878131,absolute_failure_lt0,confirmed_content_drift,1.0,1.0,1.0,-0.0364109714025852,-0.0364109714025852,0.0,nan,0.28259990738481977,27.835159490491783,/data/tse_cue_project/experiments/normal_basic_single_cue_content_diagnostic/similar_content_v2_tts/context/inference_full/est_wav/672-122797-0065_8230-279154-0004__T1__SCV2TTS__672-672-122797-0065__VOICE__8230.wav,/data/tse_cue_project/datasets/Libri2Mix_similar_content_v2_tts/clean/test/wav16k/min/test/s1/672-122797-0065_8230-279154-0004__T1__SCV2TTS__672-672-122797-0065__VOICE__8230.wav,/data/tse_cue_project/datasets/Libri2Mix_similar_content_v2_tts/clean/test/wav16k/min/test/s2/672-122797-0065_8230-279154-0004__T1__SCV2TTS__672-672-122797-0065__VOICE__8230.wav,/data/tse_cue_project/manifests/librimix_similar_content_v2_tts/clean/test/synthetic_interferer/672-122797-0065_8230-279154-0004__T1__SCV2TTS__672-672-122797-0065__VOICE__8230.wav
context,672-122797-0054_2830-3980-0038__T1__SCV2TTS__672-672-122797-0054__VOICE__2830,672,2830,I KNOW NO SUCH PLACE SAID THE TREE,-15.592988463627341,absolute_failure_lt0,confirmed_content_drift,0.5,0.5,1.0,-0.09044358828750126,-0.21267574600206973,0.0,nan,0.25214097162597193,19.006156662110506,/data/tse_cue_project/experiments/normal_basic_single_cue_content_diagnostic/similar_content_v2_tts/context/inference_full/est_wav/672-122797-0054_2830-3980-0038__T1__SCV2TTS__672-672-122797-0054__VOICE__2830.wav,/data/tse_cue_project/datasets/Libri2Mix_similar_content_v2_tts/clean/test/wav16k/min/test/s1/672-122797-0054_2830-3980-0038__T1__SCV2TTS__672-672-122797-0054__VOICE__2830.wav,/data/tse_cue_project/datasets/Libri2Mix_similar_content_v2_tts/clean/test/wav16k/min/test/s2/672-122797-0054_2830-3980-0038__T1__SCV2TTS__672-672-122797-0054__VOICE__2830.wav,/data/tse_cue_project/manifests/librimix_similar_content_v2_tts/clean/test/synthetic_interferer/672-122797-0054_2830-3980-0038__T1__SCV2TTS__672-672-122797-0054__VOICE__2830.wav
context,260-123440-0013_8230-279154-0016__T1__SCV2TTS__260-260-123440-0013__VOICE__8230,260,8230,I AM SO VERY TIRED OF BEING ALL ALONE HERE,-15.543209716735188,absolute_failure_lt0,confirmed_content_drift,1.0,1.0,1.0,-0.1867211922166981,-0.24948024250795375,0.0,0.0,0.5022360143139526,23.613866847781804,/data/tse_cue_project/experiments/normal_basic_single_cue_content_diagnostic/similar_content_v2_tts/context/inference_full/est_wav/260-123440-0013_8230-279154-0016__T1__SCV2TTS__260-260-123440-0013__VOICE__8230.wav,/data/tse_cue_project/datasets/Libri2Mix_similar_content_v2_tts/clean/test/wav16k/min/test/s1/260-123440-0013_8230-279154-0016__T1__SCV2TTS__260-260-123440-0013__VOICE__8230.wav,/data/tse_cue_project/datasets/Libri2Mix_similar_content_v2_tts/clean/test/wav16k/min/test/s2/260-123440-0013_8230-279154-0016__T1__SCV2TTS__260-260-123440-0013__VOICE__8230.wav,/data/tse_cue_project/manifests/librimix_similar_content_v2_tts/clean/test/synthetic_interferer/260-123440-0013_8230-279154-0016__T1__SCV2TTS__260-260-123440-0013__VOICE__8230.wav
context,1188-133604-0004_672-122797-0017__T2__SCV2TTS__672-672-122797-0017__VOICE__1188,672,1188,SOMETHING BETTER SOMETHING STILL GRANDER MUST FOLLOW BUT WHAT,-15.059639727252714,absolute_failure_lt0,confirmed_content_drift,1.0,1.0,1.0,-0.22207942781976772,-0.2903422655211272,0.0,0.0,0.26190025158766017,25.116549017030323,/data/tse_cue_project/experiments/normal_basic_single_cue_content_diagnostic/similar_content_v2_tts/context/inference_full/est_wav/1188-133604-0004_672-122797-0017__T2__SCV2TTS__672-672-122797-0017__VOICE__1188.wav,/data/tse_cue_project/datasets/Libri2Mix_similar_content_v2_tts/clean/test/wav16k/min/test/s1/1188-133604-0004_672-122797-0017__T2__SCV2TTS__672-672-122797-0017__VOICE__1188.wav,/data/tse_cue_project/datasets/Libri2Mix_similar_content_v2_tts/clean/test/wav16k/min/test/s2/1188-133604-0004_672-122797-0017__T2__SCV2TTS__672-672-122797-0017__VOICE__1188.wav,/data/tse_cue_project/manifests/librimix_similar_content_v2_tts/clean/test/synthetic_interferer/1188-133604-0004_672-122797-0017__T2__SCV2TTS__672-672-122797-0017__VOICE__1188.wav
context,61-70970-0016_672-122797-0012__T2__SCV2TTS__672-672-122797-0012__VOICE__61,672,61,I WOULD FAIN KNOW IF I AM DESTINED FOR SO GLORIOUS A CAREER CRIED THE TREE REJOICING,-14.88372184022502,absolute_failure_lt0,confirmed_content_drift,1.0,1.0,1.0,-0.277848473273472,-0.3629499817588437,0.0,0.0,0.4171668925381697,19.473135908389207,/data/tse_cue_project/experiments/normal_basic_single_cue_content_diagnostic/similar_content_v2_tts/context/inference_full/est_wav/61-70970-0016_672-122797-0012__T2__SCV2TTS__672-672-122797-0012__VOICE__61.wav,/data/tse_cue_project/datasets/Libri2Mix_similar_content_v2_tts/clean/test/wav16k/min/test/s1/61-70970-0016_672-122797-0012__T2__SCV2TTS__672-672-122797-0012__VOICE__61.wav,/data/tse_cue_project/datasets/Libri2Mix_similar_content_v2_tts/clean/test/wav16k/min/test/s2/61-70970-0016_672-122797-0012__T2__SCV2TTS__672-672-122797-0012__VOICE__61.wav,/data/tse_cue_project/manifests/librimix_similar_content_v2_tts/clean/test/synthetic_interferer/61-70970-0016_672-122797-0012__T2__SCV2TTS__672-672-122797-0012__VOICE__61.wav
context,3570-5694-0007_672-122797-0059__T2__SCV2TTS__672-672-122797-0059__VOICE__3570,672,3570,ONLY THAT ONE ANSWERED THE TREE,-14.83768307994009,absolute_failure_lt0,confirmed_content_drift,0.5,0.5,1.0,0.014528849253268028,-0.09048677505781522,0.0,nan,0.24889289676968446,27.741888974184906,/data/tse_cue_project/experiments/normal_basic_single_cue_content_diagnostic/similar_content_v2_tts/context/inference_full/est_wav/3570-5694-0007_672-122797-0059__T2__SCV2TTS__672-672-122797-0059__VOICE__3570.wav,/data/tse_cue_project/datasets/Libri2Mix_similar_content_v2_tts/clean/test/wav16k/min/test/s1/3570-5694-0007_672-122797-0059__T2__SCV2TTS__672-672-122797-0059__VOICE__3570.wav,/data/tse_cue_project/datasets/Libri2Mix_similar_content_v2_tts/clean/test/wav16k/min/test/s2/3570-5694-0007_672-122797-0059__T2__SCV2TTS__672-672-122797-0059__VOICE__3570.wav,/data/tse_cue_project/manifests/librimix_similar_content_v2_tts/clean/test/synthetic_interferer/3570-5694-0007_672-122797-0059__T2__SCV2TTS__672-672-122797-0059__VOICE__3570.wav
context,672-122797-0058_2300-131720-0029__T1__SCV2TTS__672-672-122797-0058__VOICE__2300,672,2300,WHO IS HUMPY DUMPY ASKED THE MICE,-14.763693039760666,absolute_failure_lt0,confirmed_content_drift,1.0,1.0,1.0,-0.25529811632403826,-0.38613061151196787,0.0,0.0,0.3801431269503912,25.410591485265346,/data/tse_cue_project/experiments/normal_basic_single_cue_content_diagnostic/similar_content_v2_tts/context/inference_full/est_wav/672-122797-0058_2300-131720-0029__T1__SCV2TTS__672-672-122797-0058__VOICE__2300.wav,/data/tse_cue_project/datasets/Libri2Mix_similar_content_v2_tts/clean/test/wav16k/min/test/s1/672-122797-0058_2300-131720-0029__T1__SCV2TTS__672-672-122797-0058__VOICE__2300.wav,/data/tse_cue_project/datasets/Libri2Mix_similar_content_v2_tts/clean/test/wav16k/min/test/s2/672-122797-0058_2300-131720-0029__T1__SCV2TTS__672-672-122797-0058__VOICE__2300.wav,/data/tse_cue_project/manifests/librimix_similar_content_v2_tts/clean/test/synthetic_interferer/672-122797-0058_2300-131720-0029__T1__SCV2TTS__672-672-122797-0058__VOICE__2300.wav
context,672-122797-0036_7176-92135-0020__T1__SCV2TTS__672-672-122797-0036__VOICE__7176,672,7176,HUMPY DUMPY FELL DOWNSTAIRS AND YET HE MARRIED THE PRINCESS,-14.613012712848052,absolute_failure_lt0,confirmed_content_drift,1.0,1.0,1.0,-0.19595909254954533,-0.4027652166411752,0.0,0.0,0.4237583949671883,18.30750181375427,/data/tse_cue_project/experiments/normal_basic_single_cue_content_diagnostic/similar_content_v2_tts/context/inference_full/est_wav/672-122797-0036_7176-92135-0020__T1__SCV2TTS__672-672-122797-0036__VOICE__7176.wav,/data/tse_cue_project/datasets/Libri2Mix_similar_content_v2_tts/clean/test/wav16k/min/test/s1/672-122797-0036_7176-92135-0020__T1__SCV2TTS__672-672-122797-0036__VOICE__7176.wav,/data/tse_cue_project/datasets/Libri2Mix_similar_content_v2_tts/clean/test/wav16k/min/test/s2/672-122797-0036_7176-92135-0020__T1__SCV2TTS__672-672-122797-0036__VOICE__7176.wav,/data/tse_cue_project/manifests/librimix_similar_content_v2_tts/clean/test/synthetic_interferer/672-122797-0036_7176-92135-0020__T1__SCV2TTS__672-672-122797-0036__VOICE__7176.wav
context,260-123440-0009_5105-28240-0011__T1__SCV2TTS__260-260-123440-0009__VOICE__5105,260,5105,I SHALL NEVER GET TO TWENTY AT THAT RATE,-14.2768009163866,absolute_failure_lt0,confirmed_content_drift,1.0,1.0,1.0,-0.20676323137626004,-0.2816960327133258,0.0,0.0,0.32478759066060103,26.204158290448653,/data/tse_cue_project/experiments/normal_basic_single_cue_content_diagnostic/similar_content_v2_tts/context/inference_full/est_wav/260-123440-0009_5105-28240-0011__T1__SCV2TTS__260-260-123440-0009__VOICE__5105.wav,/data/tse_cue_project/datasets/Libri2Mix_similar_content_v2_tts/clean/test/wav16k/min/test/s1/260-123440-0009_5105-28240-0011__T1__SCV2TTS__260-260-123440-0009__VOICE__5105.wav,/data/tse_cue_project/datasets/Libri2Mix_similar_content_v2_tts/clean/test/wav16k/min/test/s2/260-123440-0009_5105-28240-0011__T1__SCV2TTS__260-260-123440-0009__VOICE__5105.wav,/data/tse_cue_project/manifests/librimix_similar_content_v2_tts/clean/test/synthetic_interferer/260-123440-0009_5105-28240-0011__T1__SCV2TTS__260-260-123440-0009__VOICE__5105.wav
context,260-123440-0013_7127-75947-0028__T1__SCV2TTS__260-260-123440-0013__VOICE__7127,260,7127,I AM SO VERY TIRED OF BEING ALL ALONE HERE,-14.155628968791405,absolute_failure_lt0,confirmed_content_drift,1.0,1.0,1.0,-0.1806992499710639,-0.1806992499710639,0.0,nan,0.33521560654165194,13.057626513741932,/data/tse_cue_project/experiments/normal_basic_single_cue_content_diagnostic/similar_content_v2_tts/context/inference_full/est_wav/260-123440-0013_7127-75947-0028__T1__SCV2TTS__260-260-123440-0013__VOICE__7127.wav,/data/tse_cue_project/datasets/Libri2Mix_similar_content_v2_tts/clean/test/wav16k/min/test/s1/260-123440-0013_7127-75947-0028__T1__SCV2TTS__260-260-123440-0013__VOICE__7127.wav,/data/tse_cue_project/datasets/Libri2Mix_similar_content_v2_tts/clean/test/wav16k/min/test/s2/260-123440-0013_7127-75947-0028__T1__SCV2TTS__260-260-123440-0013__VOICE__7127.wav,/data/tse_cue_project/manifests/librimix_similar_content_v2_tts/clean/test/synthetic_interferer/260-123440-0013_7127-75947-0028__T1__SCV2TTS__260-260-123440-0013__VOICE__7127.wav
context,4446-2275-0031_5683-32866-0016__T1__SCV2TTS__4446-4446-2275-0031__VOICE__5683,4446,5683,I UNDERSTAND BARTLEY I WAS WRONG,-14.02678822580461,absolute_failure_lt0,confirmed_content_drift,0.5,0.5,1.0,-0.060084174889084185,-0.21617212440861078,0.0,nan,0.20399089323519945,28.942823410318653,/data/tse_cue_project/experiments/normal_basic_single_cue_content_diagnostic/similar_content_v2_tts/context/inference_full/est_wav/4446-2275-0031_5683-32866-0016__T1__SCV2TTS__4446-4446-2275-0031__VOICE__5683.wav,/data/tse_cue_project/datasets/Libri2Mix_similar_content_v2_tts/clean/test/wav16k/min/test/s1/4446-2275-0031_5683-32866-0016__T1__SCV2TTS__4446-4446-2275-0031__VOICE__5683.wav,/data/tse_cue_project/datasets/Libri2Mix_similar_content_v2_tts/clean/test/wav16k/min/test/s2/4446-2275-0031_5683-32866-0016__T1__SCV2TTS__4446-4446-2275-0031__VOICE__5683.wav,/data/tse_cue_project/manifests/librimix_similar_content_v2_tts/clean/test/synthetic_interferer/4446-2275-0031_5683-32866-0016__T1__SCV2TTS__4446-4446-2275-0031__VOICE__5683.wav
context,260-123440-0014_7176-88083-0012__T1__SCV2TTS__260-260-123440-0014__VOICE__7176,260,7176,AND I DECLARE IT'S TOO BAD THAT IT IS,-13.842498875667784,absolute_failure_lt0,confirmed_content_drift,1.0,1.0,1.0,-0.21177755794829126,-0.2853590192943455,0.0,0.0,0.4482637216396625,22.373120028395103,/data/tse_cue_project/experiments/normal_basic_single_cue_content_diagnostic/similar_content_v2_tts/context/inference_full/est_wav/260-123440-0014_7176-88083-0012__T1__SCV2TTS__260-260-123440-0014__VOICE__7176.wav,/data/tse_cue_project/datasets/Libri2Mix_similar_content_v2_tts/clean/test/wav16k/min/test/s1/260-123440-0014_7176-88083-0012__T1__SCV2TTS__260-260-123440-0014__VOICE__7176.wav,/data/tse_cue_project/datasets/Libri2Mix_similar_content_v2_tts/clean/test/wav16k/min/test/s2/260-123440-0014_7176-88083-0012__T1__SCV2TTS__260-260-123440-0014__VOICE__7176.wav,/data/tse_cue_project/manifests/librimix_similar_content_v2_tts/clean/test/synthetic_interferer/260-123440-0014_7176-88083-0012__T1__SCV2TTS__260-260-123440-0014__VOICE__7176.wav
context,8463-294828-0027_5683-32866-0030__T1__SCV2TTS__8463-8463-294828-0027__VOICE__5683,8463,5683,I LEFT INSTRUCTIONS FOR SHIPPING MY CONTAINERS OF STUFFED ANIMALS AND DRIED PLANTS TO PARIS FRANCE,-13.803176264236518,absolute_failure_lt0,mixed_content_and_speaker_drift,0.8,0.8,1.0,-0.10353304055007269,-0.24085434763589497,0.3,0.0,0.05711788616423349,26.278850507661865,/data/tse_cue_project/experiments/normal_basic_single_cue_content_diagnostic/similar_content_v2_tts/context/inference_full/est_wav/8463-294828-0027_5683-32866-0030__T1__SCV2TTS__8463-8463-294828-0027__VOICE__5683.wav,/data/tse_cue_project/datasets/Libri2Mix_similar_content_v2_tts/clean/test/wav16k/min/test/s1/8463-294828-0027_5683-32866-0030__T1__SCV2TTS__8463-8463-294828-0027__VOICE__5683.wav,/data/tse_cue_project/datasets/Libri2Mix_similar_content_v2_tts/clean/test/wav16k/min/test/s2/8463-294828-0027_5683-32866-0030__T1__SCV2TTS__8463-8463-294828-0027__VOICE__5683.wav,/data/tse_cue_project/manifests/librimix_similar_content_v2_tts/clean/test/synthetic_interferer/8463-294828-0027_5683-32866-0030__T1__SCV2TTS__8463-8463-294828-0027__VOICE__5683.wav
context,3575-170457-0007_1580-141084-0049__T1__SCV2TTS__3575-3575-170457-0007__VOICE__1580,3575,1580,HE SPOKE FRENCH PERFECTLY I HAVE BEEN TOLD WHEN NEED WAS BUT DELIGHTED USUALLY IN TALKING THE BROADEST YORKSHIRE,-13.800045619012973,absolute_failure_lt0,confirmed_content_drift,1.0,1.0,1.0,-0.23866448844934157,-0.3218578552582302,0.0,0.0,0.383209187400484,35.10326152482629,/data/tse_cue_project/experiments/normal_basic_single_cue_content_diagnostic/similar_content_v2_tts/context/inference_full/est_wav/3575-170457-0007_1580-141084-0049__T1__SCV2TTS__3575-3575-170457-0007__VOICE__1580.wav,/data/tse_cue_project/datasets/Libri2Mix_similar_content_v2_tts/clean/test/wav16k/min/test/s1/3575-170457-0007_1580-141084-0049__T1__SCV2TTS__3575-3575-170457-0007__VOICE__1580.wav,/data/tse_cue_project/datasets/Libri2Mix_similar_content_v2_tts/clean/test/wav16k/min/test/s2/3575-170457-0007_1580-141084-0049__T1__SCV2TTS__3575-3575-170457-0007__VOICE__1580.wav,/data/tse_cue_project/manifests/librimix_similar_content_v2_tts/clean/test/synthetic_interferer/3575-170457-0007_1580-141084-0049__T1__SCV2TTS__3575-3575-170457-0007__VOICE__1580.wav
context,1320-122617-0012_672-122797-0036__T2__SCV2TTS__672-672-122797-0036__VOICE__1320,672,1320,HUMPY DUMPY FELL DOWNSTAIRS AND YET HE MARRIED THE PRINCESS,-13.786840254025984,absolute_failure_lt0,confirmed_content_drift,1.0,1.0,1.0,-0.09940394571246552,-0.10791166427768262,0.0,nan,0.2848405063041107,22.026808647022936,/data/tse_cue_project/experiments/normal_basic_single_cue_content_diagnostic/similar_content_v2_tts/context/inference_full/est_wav/1320-122617-0012_672-122797-0036__T2__SCV2TTS__672-672-122797-0036__VOICE__1320.wav,/data/tse_cue_project/datasets/Libri2Mix_similar_content_v2_tts/clean/test/wav16k/min/test/s1/1320-122617-0012_672-122797-0036__T2__SCV2TTS__672-672-122797-0036__VOICE__1320.wav,/data/tse_cue_project/datasets/Libri2Mix_similar_content_v2_tts/clean/test/wav16k/min/test/s2/1320-122617-0012_672-122797-0036__T2__SCV2TTS__672-672-122797-0036__VOICE__1320.wav,/data/tse_cue_project/manifests/librimix_similar_content_v2_tts/clean/test/synthetic_interferer/1320-122617-0012_672-122797-0036__T2__SCV2TTS__672-672-122797-0036__VOICE__1320.wav
context,5142-33396-0006_4970-29095-0029__T2__SCV2TTS__4970-4970-29095-0029__VOICE__5142,4970,5142,IS HE GOING TO START A DAILY NEWSPAPER AMONG THE KICK A POOS,-13.731417387091108,absolute_failure_lt0,confirmed_content_drift,0.8,0.8,1.0,-0.08596640740715174,-0.22984051244725723,0.0,0.0,0.37751158773682947,25.831978693130594,/data/tse_cue_project/experiments/normal_basic_single_cue_content_diagnostic/similar_content_v2_tts/context/inference_full/est_wav/5142-33396-0006_4970-29095-0029__T2__SCV2TTS__4970-4970-29095-0029__VOICE__5142.wav,/data/tse_cue_project/datasets/Libri2Mix_similar_content_v2_tts/clean/test/wav16k/min/test/s1/5142-33396-0006_4970-29095-0029__T2__SCV2TTS__4970-4970-29095-0029__VOICE__5142.wav,/data/tse_cue_project/datasets/Libri2Mix_similar_content_v2_tts/clean/test/wav16k/min/test/s2/5142-33396-0006_4970-29095-0029__T2__SCV2TTS__4970-4970-29095-0029__VOICE__5142.wav,/data/tse_cue_project/manifests/librimix_similar_content_v2_tts/clean/test/synthetic_interferer/5142-33396-0006_4970-29095-0029__T2__SCV2TTS__4970-4970-29095-0029__VOICE__5142.wav
context,672-122797-0019_7176-92135-0016__T1__SCV2TTS__672-672-122797-0019__VOICE__7176,672,7176,REJOICE IN THY OWN FRESH YOUTH,-13.624595280553207,absolute_failure_lt0,confirmed_content_drift,1.0,1.0,1.0,-0.2153703458369131,-0.31240377807071584,0.0,nan,0.21144030565335792,18.895982062637543,/data/tse_cue_project/experiments/normal_basic_single_cue_content_diagnostic/similar_content_v2_tts/context/inference_full/est_wav/672-122797-0019_7176-92135-0016__T1__SCV2TTS__672-672-122797-0019__VOICE__7176.wav,/data/tse_cue_project/datasets/Libri2Mix_similar_content_v2_tts/clean/test/wav16k/min/test/s1/672-122797-0019_7176-92135-0016__T1__SCV2TTS__672-672-122797-0019__VOICE__7176.wav,/data/tse_cue_project/datasets/Libri2Mix_similar_content_v2_tts/clean/test/wav16k/min/test/s2/672-122797-0019_7176-92135-0016__T1__SCV2TTS__672-672-122797-0019__VOICE__7176.wav,/data/tse_cue_project/manifests/librimix_similar_content_v2_tts/clean/test/synthetic_interferer/672-122797-0019_7176-92135-0016__T1__SCV2TTS__672-672-122797-0019__VOICE__7176.wav
context,7729-102255-0017_672-122797-0063__T2__SCV2TTS__672-672-122797-0063__VOICE__7729,672,7729,THEN GOOD BYE SAID THE RATS AND THEY WENT HOME,-13.60943001752203,absolute_failure_lt0,confirmed_content_drift,1.0,1.0,1.0,-0.16421631915176216,-0.27831719207817,0.0,0.0,0.4802045482864923,21.575654400179996,/data/tse_cue_project/experiments/normal_basic_single_cue_content_diagnostic/similar_content_v2_tts/context/inference_full/est_wav/7729-102255-0017_672-122797-0063__T2__SCV2TTS__672-672-122797-0063__VOICE__7729.wav,/data/tse_cue_project/datasets/Libri2Mix_similar_content_v2_tts/clean/test/wav16k/min/test/s1/7729-102255-0017_672-122797-0063__T2__SCV2TTS__672-672-122797-0063__VOICE__7729.wav,/data/tse_cue_project/datasets/Libri2Mix_similar_content_v2_tts/clean/test/wav16k/min/test/s2/7729-102255-0017_672-122797-0063__T2__SCV2TTS__672-672-122797-0063__VOICE__7729.wav,/data/tse_cue_project/manifests/librimix_similar_content_v2_tts/clean/test/synthetic_interferer/7729-102255-0017_672-122797-0063__T2__SCV2TTS__672-672-122797-0063__VOICE__7729.wav
context,260-123440-0012_8455-210777-0010__T1__SCV2TTS__260-260-123440-0012__VOICE__8455,260,8455,IT'LL BE NO USE THEIR PUTTING THEIR HEADS DOWN AND SAYING COME UP AGAIN DEAR,-13.341209500855642,absolute_failure_lt0,mixed_content_and_speaker_drift,0.8333333333333334,0.8333333333333334,1.0,-0.25672905689989584,-0.4019746641572924,0.3333333333333333,0.0,0.15505188222969926,22.998097790461287,/data/tse_cue_project/experiments/normal_basic_single_cue_content_diagnostic/similar_content_v2_tts/context/inference_full/est_wav/260-123440-0012_8455-210777-0010__T1__SCV2TTS__260-260-123440-0012__VOICE__8455.wav,/data/tse_cue_project/datasets/Libri2Mix_similar_content_v2_tts/clean/test/wav16k/min/test/s1/260-123440-0012_8455-210777-0010__T1__SCV2TTS__260-260-123440-0012__VOICE__8455.wav,/data/tse_cue_project/datasets/Libri2Mix_similar_content_v2_tts/clean/test/wav16k/min/test/s2/260-123440-0012_8455-210777-0010__T1__SCV2TTS__260-260-123440-0012__VOICE__8455.wav,/data/tse_cue_project/manifests/librimix_similar_content_v2_tts/clean/test/synthetic_interferer/260-123440-0012_8455-210777-0010__T1__SCV2TTS__260-260-123440-0012__VOICE__8455.wav
context,672-122797-0017_260-123286-0020__T1__SCV2TTS__672-672-122797-0017__VOICE__260,672,260,SOMETHING BETTER SOMETHING STILL GRANDER MUST FOLLOW BUT WHAT,-13.26560260251689,absolute_failure_lt0,confirmed_content_drift,0.875,0.875,1.0,-0.15904103557882948,-0.3352384103984277,0.0,0.0,0.2237910853114334,26.03297341420594,/data/tse_cue_project/experiments/normal_basic_single_cue_content_diagnostic/similar_content_v2_tts/context/inference_full/est_wav/672-122797-0017_260-123286-0020__T1__SCV2TTS__672-672-122797-0017__VOICE__260.wav,/data/tse_cue_project/datasets/Libri2Mix_similar_content_v2_tts/clean/test/wav16k/min/test/s1/672-122797-0017_260-123286-0020__T1__SCV2TTS__672-672-122797-0017__VOICE__260.wav,/data/tse_cue_project/datasets/Libri2Mix_similar_content_v2_tts/clean/test/wav16k/min/test/s2/672-122797-0017_260-123286-0020__T1__SCV2TTS__672-672-122797-0017__VOICE__260.wav,/data/tse_cue_project/manifests/librimix_similar_content_v2_tts/clean/test/synthetic_interferer/672-122797-0017_260-123286-0020__T1__SCV2TTS__672-672-122797-0017__VOICE__260.wav
context,8463-287645-0010_237-126133-0022__T2__SCV2TTS__237-237-126133-0022__VOICE__8463,237,8463,I DIDN'T HAVE ANY FEARS IF I WORKED IT RIGHTLY SAID THE OLD GENTLEMAN COMPLACENTLY,-13.256576343511588,absolute_failure_lt0,confirmed_content_drift,0.875,0.875,1.0,-0.19398191846983848,-0.3191232617449762,0.0,0.0,0.41109002239513615,19.453340469925763,/data/tse_cue_project/experiments/normal_basic_single_cue_content_diagnostic/similar_content_v2_tts/context/inference_full/est_wav/8463-287645-0010_237-126133-0022__T2__SCV2TTS__237-237-126133-0022__VOICE__8463.wav,/data/tse_cue_project/datasets/Libri2Mix_similar_content_v2_tts/clean/test/wav16k/min/test/s1/8463-287645-0010_237-126133-0022__T2__SCV2TTS__237-237-126133-0022__VOICE__8463.wav,/data/tse_cue_project/datasets/Libri2Mix_similar_content_v2_tts/clean/test/wav16k/min/test/s2/8463-287645-0010_237-126133-0022__T2__SCV2TTS__237-237-126133-0022__VOICE__8463.wav,/data/tse_cue_project/manifests/librimix_similar_content_v2_tts/clean/test/synthetic_interferer/8463-287645-0010_237-126133-0022__T2__SCV2TTS__237-237-126133-0022__VOICE__8463.wav
context,2961-961-0020_4446-2275-0012__T1__SCV2TTS__2961-2961-961-0020__VOICE__4446,2961,4446,THIS IS THE EXPLANATION OF THE SHALLOWS WHICH ARE FOUND IN THAT PART OF THE ATLANTIC OCEAN,-13.229462790720385,absolute_failure_lt0,confirmed_content_drift,1.0,1.0,1.0,-0.11873883464840924,-0.1989919622076357,0.14285714285714285,0.0,0.13792932217769685,23.830515228796877,/data/tse_cue_project/experiments/normal_basic_single_cue_content_diagnostic/similar_content_v2_tts/context/inference_full/est_wav/2961-961-0020_4446-2275-0012__T1__SCV2TTS__2961-2961-961-0020__VOICE__4446.wav,/data/tse_cue_project/datasets/Libri2Mix_similar_content_v2_tts/clean/test/wav16k/min/test/s1/2961-961-0020_4446-2275-0012__T1__SCV2TTS__2961-2961-961-0020__VOICE__4446.wav,/data/tse_cue_project/datasets/Libri2Mix_similar_content_v2_tts/clean/test/wav16k/min/test/s2/2961-961-0020_4446-2275-0012__T1__SCV2TTS__2961-2961-961-0020__VOICE__4446.wav,/data/tse_cue_project/manifests/librimix_similar_content_v2_tts/clean/test/synthetic_interferer/2961-961-0020_4446-2275-0012__T1__SCV2TTS__2961-2961-961-0020__VOICE__4446.wav
context,5683-32866-0020_8463-294828-0032__T2__SCV2TTS__8463-8463-294828-0032__VOICE__5683,8463,5683,IN PERSON WELCOME ABOARD PROFESSOR YOUR CABIN IS WAITING FOR YOU,-13.208408578361235,absolute_failure_lt0,confirmed_content_drift,0.8333333333333334,0.8333333333333334,1.0,-0.1895622729775377,-0.2961642384900911,0.16666666666666666,0.0,0.15420690188327432,18.338297013451083,/data/tse_cue_project/experiments/normal_basic_single_cue_content_diagnostic/similar_content_v2_tts/context/inference_full/est_wav/5683-32866-0020_8463-294828-0032__T2__SCV2TTS__8463-8463-294828-0032__VOICE__5683.wav,/data/tse_cue_project/datasets/Libri2Mix_similar_content_v2_tts/clean/test/wav16k/min/test/s1/5683-32866-0020_8463-294828-0032__T2__SCV2TTS__8463-8463-294828-0032__VOICE__5683.wav,/data/tse_cue_project/datasets/Libri2Mix_similar_content_v2_tts/clean/test/wav16k/min/test/s2/5683-32866-0020_8463-294828-0032__T2__SCV2TTS__8463-8463-294828-0032__VOICE__5683.wav,/data/tse_cue_project/manifests/librimix_similar_content_v2_tts/clean/test/synthetic_interferer/5683-32866-0020_8463-294828-0032__T2__SCV2TTS__8463-8463-294828-0032__VOICE__5683.wav
context,7127-75947-0027_260-123440-0016__T2__SCV2TTS__260-260-123440-0016__VOICE__7127,260,7127,I SHALL BE PUNISHED FOR IT NOW I SUPPOSE BY BEING DROWNED IN MY OWN TEARS,-12.945472318957822,absolute_failure_lt0,confirmed_content_drift,1.0,1.0,1.0,-0.1540707895232448,-0.2632629205929256,0.0,0.0,0.21389184464393896,11.421986309761976,/data/tse_cue_project/experiments/normal_basic_single_cue_content_diagnostic/similar_content_v2_tts/context/inference_full/est_wav/7127-75947-0027_260-123440-0016__T2__SCV2TTS__260-260-123440-0016__VOICE__7127.wav,/data/tse_cue_project/datasets/Libri2Mix_similar_content_v2_tts/clean/test/wav16k/min/test/s1/7127-75947-0027_260-123440-0016__T2__SCV2TTS__260-260-123440-0016__VOICE__7127.wav,/data/tse_cue_project/datasets/Libri2Mix_similar_content_v2_tts/clean/test/wav16k/min/test/s2/7127-75947-0027_260-123440-0016__T2__SCV2TTS__260-260-123440-0016__VOICE__7127.wav,/data/tse_cue_project/manifests/librimix_similar_content_v2_tts/clean/test/synthetic_interferer/7127-75947-0027_260-123440-0016__T2__SCV2TTS__260-260-123440-0016__VOICE__7127.wav
context,5639-40744-0023_672-122797-0016__T2__SCV2TTS__672-672-122797-0016__VOICE__5639,672,5639,YES THEN SOMETHING BETTER SOMETHING STILL GRANDER WILL SURELY FOLLOW OR WHEREFORE SHOULD THEY THUS ORNAMENT ME,-12.761115182284861,absolute_failure_lt0,confirmed_content_drift,1.0,1.0,1.0,-0.30657474494801057,-0.46148382694433476,0.0,0.0,0.4764778870172778,25.067540305293175,/data/tse_cue_project/experiments/normal_basic_single_cue_content_diagnostic/similar_content_v2_tts/context/inference_full/est_wav/5639-40744-0023_672-122797-0016__T2__SCV2TTS__672-672-122797-0016__VOICE__5639.wav,/data/tse_cue_project/datasets/Libri2Mix_similar_content_v2_tts/clean/test/wav16k/min/test/s1/5639-40744-0023_672-122797-0016__T2__SCV2TTS__672-672-122797-0016__VOICE__5639.wav,/data/tse_cue_project/datasets/Libri2Mix_similar_content_v2_tts/clean/test/wav16k/min/test/s2/5639-40744-0023_672-122797-0016__T2__SCV2TTS__672-672-122797-0016__VOICE__5639.wav,/data/tse_cue_project/manifests/librimix_similar_content_v2_tts/clean/test/synthetic_interferer/5639-40744-0023_672-122797-0016__T2__SCV2TTS__672-672-122797-0016__VOICE__5639.wav
context,1089-134691-0020_908-31957-0004__T1__SCV2TTS__1089-1089-134691-0020__VOICE__908,1089,908,HELLO STEPHANOS HERE COMES THE DEDALUS,-12.415667759898152,absolute_failure_lt0,confirmed_content_drift,0.75,0.75,1.0,-0.1377317419873027,-0.34558784270524756,0.0,0.0,0.2775197885412782,23.329665088290525,/data/tse_cue_project/experiments/normal_basic_single_cue_content_diagnostic/similar_content_v2_tts/context/inference_full/est_wav/1089-134691-0020_908-31957-0004__T1__SCV2TTS__1089-1089-134691-0020__VOICE__908.wav,/data/tse_cue_project/datasets/Libri2Mix_similar_content_v2_tts/clean/test/wav16k/min/test/s1/1089-134691-0020_908-31957-0004__T1__SCV2TTS__1089-1089-134691-0020__VOICE__908.wav,/data/tse_cue_project/datasets/Libri2Mix_similar_content_v2_tts/clean/test/wav16k/min/test/s2/1089-134691-0020_908-31957-0004__T1__SCV2TTS__1089-1089-134691-0020__VOICE__908.wav,/data/tse_cue_project/manifests/librimix_similar_content_v2_tts/clean/test/synthetic_interferer/1089-134691-0020_908-31957-0004__T1__SCV2TTS__1089-1089-134691-0020__VOICE__908.wav
context,672-122797-0010_4077-13751-0015__T1__SCV2TTS__672-672-122797-0010__VOICE__4077,672,4077,REJOICE IN THY GROWTH SAID THE SUNBEAMS,-12.414617594965392,absolute_failure_lt0,confirmed_content_drift,1.0,1.0,1.0,-0.19622595868452358,-0.2984482317587673,0.0,0.0,0.45677379980621313,21.18677037432289,/data/tse_cue_project/experiments/normal_basic_single_cue_content_diagnostic/similar_content_v2_tts/context/inference_full/est_wav/672-122797-0010_4077-13751-0015__T1__SCV2TTS__672-672-122797-0010__VOICE__4077.wav,/data/tse_cue_project/datasets/Libri2Mix_similar_content_v2_tts/clean/test/wav16k/min/test/s1/672-122797-0010_4077-13751-0015__T1__SCV2TTS__672-672-122797-0010__VOICE__4077.wav,/data/tse_cue_project/datasets/Libri2Mix_similar_content_v2_tts/clean/test/wav16k/min/test/s2/672-122797-0010_4077-13751-0015__T1__SCV2TTS__672-672-122797-0010__VOICE__4077.wav,/data/tse_cue_project/manifests/librimix_similar_content_v2_tts/clean/test/synthetic_interferer/672-122797-0010_4077-13751-0015__T1__SCV2TTS__672-672-122797-0010__VOICE__4077.wav
context,260-123440-0011_1320-122617-0016__T1__SCV2TTS__260-260-123440-0011__VOICE__1320,260,1320,NO I'VE MADE UP MY MIND ABOUT IT IF I'M MABEL I'LL STAY DOWN HERE,-12.312735309722356,absolute_failure_lt0,confirmed_content_drift,1.0,1.0,1.0,-0.1919675824145903,-0.25456128423309343,0.0,0.0,0.3370143763222047,21.925241311658464,/data/tse_cue_project/experiments/normal_basic_single_cue_content_diagnostic/similar_content_v2_tts/context/inference_full/est_wav/260-123440-0011_1320-122617-0016__T1__SCV2TTS__260-260-123440-0011__VOICE__1320.wav,/data/tse_cue_project/datasets/Libri2Mix_similar_content_v2_tts/clean/test/wav16k/min/test/s1/260-123440-0011_1320-122617-0016__T1__SCV2TTS__260-260-123440-0011__VOICE__1320.wav,/data/tse_cue_project/datasets/Libri2Mix_similar_content_v2_tts/clean/test/wav16k/min/test/s2/260-123440-0011_1320-122617-0016__T1__SCV2TTS__260-260-123440-0011__VOICE__1320.wav,/data/tse_cue_project/manifests/librimix_similar_content_v2_tts/clean/test/synthetic_interferer/260-123440-0011_1320-122617-0016__T1__SCV2TTS__260-260-123440-0011__VOICE__1320.wav
context,672-122797-0018_8230-279154-0041__T1__SCV2TTS__672-672-122797-0018__VOICE__8230,672,8230,REJOICE IN OUR PRESENCE SAID THE AIR AND THE SUNLIGHT,-12.29526320707746,absolute_failure_lt0,confirmed_content_drift,0.8,0.8,1.0,-0.1948220564953216,-0.4203443507668393,0.0,0.0,0.33102375495863035,23.546734752667156,/data/tse_cue_project/experiments/normal_basic_single_cue_content_diagnostic/similar_content_v2_tts/context/inference_full/est_wav/672-122797-0018_8230-279154-0041__T1__SCV2TTS__672-672-122797-0018__VOICE__8230.wav,/data/tse_cue_project/datasets/Libri2Mix_similar_content_v2_tts/clean/test/wav16k/min/test/s1/672-122797-0018_8230-279154-0041__T1__SCV2TTS__672-672-122797-0018__VOICE__8230.wav,/data/tse_cue_project/datasets/Libri2Mix_similar_content_v2_tts/clean/test/wav16k/min/test/s2/672-122797-0018_8230-279154-0041__T1__SCV2TTS__672-672-122797-0018__VOICE__8230.wav,/data/tse_cue_project/manifests/librimix_similar_content_v2_tts/clean/test/synthetic_interferer/672-122797-0018_8230-279154-0041__T1__SCV2TTS__672-672-122797-0018__VOICE__8230.wav
context,237-134493-0016_4446-2275-0031__T2__SCV2TTS__4446-4446-2275-0031__VOICE__237,4446,237,I UNDERSTAND BARTLEY I WAS WRONG,-12.293194401395489,absolute_failure_lt0,confirmed_content_drift,1.0,1.0,1.0,-0.13697528925064162,-0.15318703345054152,0.0,nan,0.30317288030815503,40.204135344549,/data/tse_cue_project/experiments/normal_basic_single_cue_content_diagnostic/similar_content_v2_tts/context/inference_full/est_wav/237-134493-0016_4446-2275-0031__T2__SCV2TTS__4446-4446-2275-0031__VOICE__237.wav,/data/tse_cue_project/datasets/Libri2Mix_similar_content_v2_tts/clean/test/wav16k/min/test/s1/237-134493-0016_4446-2275-0031__T2__SCV2TTS__4446-4446-2275-0031__VOICE__237.wav,/data/tse_cue_project/datasets/Libri2Mix_similar_content_v2_tts/clean/test/wav16k/min/test/s2/237-134493-0016_4446-2275-0031__T2__SCV2TTS__4446-4446-2275-0031__VOICE__237.wav,/data/tse_cue_project/manifests/librimix_similar_content_v2_tts/clean/test/synthetic_interferer/237-134493-0016_4446-2275-0031__T2__SCV2TTS__4446-4446-2275-0031__VOICE__237.wav
context,7127-75946-0020_672-122797-0054__T2__SCV2TTS__672-672-122797-0054__VOICE__7127,672,7127,I KNOW NO SUCH PLACE SAID THE TREE,-12.201133160494386,absolute_failure_lt0,confirmed_content_drift,1.0,1.0,1.0,-0.022275745423167903,-0.022275745423167903,0.0,nan,0.6027648998943366,26.00612066517,/data/tse_cue_project/experiments/normal_basic_single_cue_content_diagnostic/similar_content_v2_tts/context/inference_full/est_wav/7127-75946-0020_672-122797-0054__T2__SCV2TTS__672-672-122797-0054__VOICE__7127.wav,/data/tse_cue_project/datasets/Libri2Mix_similar_content_v2_tts/clean/test/wav16k/min/test/s1/7127-75946-0020_672-122797-0054__T2__SCV2TTS__672-672-122797-0054__VOICE__7127.wav,/data/tse_cue_project/datasets/Libri2Mix_similar_content_v2_tts/clean/test/wav16k/min/test/s2/7127-75946-0020_672-122797-0054__T2__SCV2TTS__672-672-122797-0054__VOICE__7127.wav,/data/tse_cue_project/manifests/librimix_similar_content_v2_tts/clean/test/synthetic_interferer/7127-75946-0020_672-122797-0054__T2__SCV2TTS__672-672-122797-0054__VOICE__7127.wav
context,4992-41806-0012_4446-2273-0015__T2__SCV2TTS__4446-4446-2273-0015__VOICE__4992,4446,4992,DON'T I THOUGH I'M SO SORRY TO HEAR IT HOW DID HER SON TURN OUT,-12.195161354810343,absolute_failure_lt0,mixed_content_and_speaker_drift,1.0,1.0,1.0,-0.19281924305621703,-0.2953241408411063,0.4,0.0,0.041302242838981575,6.449792631684541,/data/tse_cue_project/experiments/normal_basic_single_cue_content_diagnostic/similar_content_v2_tts/context/inference_full/est_wav/4992-41806-0012_4446-2273-0015__T2__SCV2TTS__4446-4446-2273-0015__VOICE__4992.wav,/data/tse_cue_project/datasets/Libri2Mix_similar_content_v2_tts/clean/test/wav16k/min/test/s1/4992-41806-0012_4446-2273-0015__T2__SCV2TTS__4446-4446-2273-0015__VOICE__4992.wav,/data/tse_cue_project/datasets/Libri2Mix_similar_content_v2_tts/clean/test/wav16k/min/test/s2/4992-41806-0012_4446-2273-0015__T2__SCV2TTS__4446-4446-2273-0015__VOICE__4992.wav,/data/tse_cue_project/manifests/librimix_similar_content_v2_tts/clean/test/synthetic_interferer/4992-41806-0012_4446-2273-0015__T2__SCV2TTS__4446-4446-2273-0015__VOICE__4992.wav
context,3729-6852-0014_3570-5694-0022__T1__SCV2TTS__3729-3729-6852-0014__VOICE__3570,3729,3570,HERE GO AND GET ME CHANGE FOR A LOUIS I HAVE IT SIR,-12.141338499572523,absolute_failure_lt0,confirmed_content_drift,0.75,0.75,1.0,-0.22157028428329928,-0.4651921277701589,0.0,0.0,0.38978903953991206,20.465622892560756,/data/tse_cue_project/experiments/normal_basic_single_cue_content_diagnostic/similar_content_v2_tts/context/inference_full/est_wav/3729-6852-0014_3570-5694-0022__T1__SCV2TTS__3729-3729-6852-0014__VOICE__3570.wav,/data/tse_cue_project/datasets/Libri2Mix_similar_content_v2_tts/clean/test/wav16k/min/test/s1/3729-6852-0014_3570-5694-0022__T1__SCV2TTS__3729-3729-6852-0014__VOICE__3570.wav,/data/tse_cue_project/datasets/Libri2Mix_similar_content_v2_tts/clean/test/wav16k/min/test/s2/3729-6852-0014_3570-5694-0022__T1__SCV2TTS__3729-3729-6852-0014__VOICE__3570.wav,/data/tse_cue_project/manifests/librimix_similar_content_v2_tts/clean/test/synthetic_interferer/3729-6852-0014_3570-5694-0022__T1__SCV2TTS__3729-3729-6852-0014__VOICE__3570.wav
context,6829-68771-0014_4446-2273-0027__T2__SCV2TTS__4446-4446-2273-0027__VOICE__6829,4446,6829,WHEN SHE FINISHED ALEXANDER SHOOK HIMSELF OUT OF A REVERIE,-12.043268489401534,absolute_failure_lt0,mixed_content_and_speaker_drift,1.0,1.0,1.0,-0.20337253722975293,-0.26817547955311466,0.2,0.0,0.20708922715946873,-4.5307297688852,/data/tse_cue_project/experiments/normal_basic_single_cue_content_diagnostic/similar_content_v2_tts/context/inference_full/est_wav/6829-68771-0014_4446-2273-0027__T2__SCV2TTS__4446-4446-2273-0027__VOICE__6829.wav,/data/tse_cue_project/datasets/Libri2Mix_similar_content_v2_tts/clean/test/wav16k/min/test/s1/6829-68771-0014_4446-2273-0027__T2__SCV2TTS__4446-4446-2273-0027__VOICE__6829.wav,/data/tse_cue_project/datasets/Libri2Mix_similar_content_v2_tts/clean/test/wav16k/min/test/s2/6829-68771-0014_4446-2273-0027__T2__SCV2TTS__4446-4446-2273-0027__VOICE__6829.wav,/data/tse_cue_project/manifests/librimix_similar_content_v2_tts/clean/test/synthetic_interferer/6829-68771-0014_4446-2273-0027__T2__SCV2TTS__4446-4446-2273-0027__VOICE__6829.wav
context,6829-68769-0034_5683-32866-0006__T2__SCV2TTS__5683-5683-32866-0006__VOICE__6829,5683,6829,YES SO THEY SAID BUT THAT WOULD I THINK HAVE BEEN WORSE,-12.021010805900719,absolute_failure_lt0,mixed_content_and_speaker_drift,0.75,0.75,1.0,-0.16210948454305682,-0.32561611380382216,0.5,0.0,0.09493498797999866,-10.086802338178941,/data/tse_cue_project/experiments/normal_basic_single_cue_content_diagnostic/similar_content_v2_tts/context/inference_full/est_wav/6829-68769-0034_5683-32866-0006__T2__SCV2TTS__5683-5683-32866-0006__VOICE__6829.wav,/data/tse_cue_project/datasets/Libri2Mix_similar_content_v2_tts/clean/test/wav16k/min/test/s1/6829-68769-0034_5683-32866-0006__T2__SCV2TTS__5683-5683-32866-0006__VOICE__6829.wav,/data/tse_cue_project/datasets/Libri2Mix_similar_content_v2_tts/clean/test/wav16k/min/test/s2/6829-68769-0034_5683-32866-0006__T2__SCV2TTS__5683-5683-32866-0006__VOICE__6829.wav,/data/tse_cue_project/manifests/librimix_similar_content_v2_tts/clean/test/synthetic_interferer/6829-68769-0034_5683-32866-0006__T2__SCV2TTS__5683-5683-32866-0006__VOICE__6829.wav
context,672-122797-0018_61-70970-0019__T1__SCV2TTS__672-672-122797-0018__VOICE__61,672,61,REJOICE IN OUR PRESENCE SAID THE AIR AND THE SUNLIGHT,-11.893210176822022,absolute_failure_lt0,confirmed_content_drift,0.75,0.75,1.0,-0.2095922793198594,-0.36122085094542794,0.0,0.0,0.31552486731322854,16.90910286214812,/data/tse_cue_project/experiments/normal_basic_single_cue_content_diagnostic/similar_content_v2_tts/context/inference_full/est_wav/672-122797-0018_61-70970-0019__T1__SCV2TTS__672-672-122797-0018__VOICE__61.wav,/data/tse_cue_project/datasets/Libri2Mix_similar_content_v2_tts/clean/test/wav16k/min/test/s1/672-122797-0018_61-70970-0019__T1__SCV2TTS__672-672-122797-0018__VOICE__61.wav,/data/tse_cue_project/datasets/Libri2Mix_similar_content_v2_tts/clean/test/wav16k/min/test/s2/672-122797-0018_61-70970-0019__T1__SCV2TTS__672-672-122797-0018__VOICE__61.wav,/data/tse_cue_project/manifests/librimix_similar_content_v2_tts/clean/test/synthetic_interferer/672-122797-0018_61-70970-0019__T1__SCV2TTS__672-672-122797-0018__VOICE__61.wav
context,5105-28240-0003_672-122797-0019__T2__SCV2TTS__672-672-122797-0019__VOICE__5105,672,5105,REJOICE IN THY OWN FRESH YOUTH,-11.786847430355836,absolute_failure_lt0,confirmed_content_drift,1.0,1.0,1.0,-0.23994595781426423,-0.2806228237774191,0.0,0.0,0.3844758172068203,25.87574973370398,/data/tse_cue_project/experiments/normal_basic_single_cue_content_diagnostic/similar_content_v2_tts/context/inference_full/est_wav/5105-28240-0003_672-122797-0019__T2__SCV2TTS__672-672-122797-0019__VOICE__5105.wav,/data/tse_cue_project/datasets/Libri2Mix_similar_content_v2_tts/clean/test/wav16k/min/test/s1/5105-28240-0003_672-122797-0019__T2__SCV2TTS__672-672-122797-0019__VOICE__5105.wav,/data/tse_cue_project/datasets/Libri2Mix_similar_content_v2_tts/clean/test/wav16k/min/test/s2/5105-28240-0003_672-122797-0019__T2__SCV2TTS__672-672-122797-0019__VOICE__5105.wav,/data/tse_cue_project/manifests/librimix_similar_content_v2_tts/clean/test/synthetic_interferer/5105-28240-0003_672-122797-0019__T2__SCV2TTS__672-672-122797-0019__VOICE__5105.wav
context,4446-2275-0006_1284-134647-0002__T1__SCV2TTS__4446-4446-2275-0006__VOICE__1284,4446,1284,I THOUGHT IT MIGHT BE SISTER KATE OR COUSIN MIKE WOULD BE HAPPENING ALONG,-11.514884911623241,absolute_failure_lt0,mixed_content_and_speaker_drift,0.8333333333333334,0.8333333333333334,1.0,-0.04503830576656289,-0.1964466830541749,0.5,0.0,0.036162690896111294,7.784094982321405,/data/tse_cue_project/experiments/normal_basic_single_cue_content_diagnostic/similar_content_v2_tts/context/inference_full/est_wav/4446-2275-0006_1284-134647-0002__T1__SCV2TTS__4446-4446-2275-0006__VOICE__1284.wav,/data/tse_cue_project/datasets/Libri2Mix_similar_content_v2_tts/clean/test/wav16k/min/test/s1/4446-2275-0006_1284-134647-0002__T1__SCV2TTS__4446-4446-2275-0006__VOICE__1284.wav,/data/tse_cue_project/datasets/Libri2Mix_similar_content_v2_tts/clean/test/wav16k/min/test/s2/4446-2275-0006_1284-134647-0002__T1__SCV2TTS__4446-4446-2275-0006__VOICE__1284.wav,/data/tse_cue_project/manifests/librimix_similar_content_v2_tts/clean/test/synthetic_interferer/4446-2275-0006_1284-134647-0002__T1__SCV2TTS__4446-4446-2275-0006__VOICE__1284.wav
context,7176-92135-0022_672-122797-0054__T2__SCV2TTS__672-672-122797-0054__VOICE__7176,672,7176,I KNOW NO SUCH PLACE SAID THE TREE,-11.503815751598022,absolute_failure_lt0,confirmed_content_drift,0.6666666666666666,0.6666666666666666,1.0,-0.06539244260318167,-0.19866623906000347,0.0,0.0,0.3140354706550267,12.9773048971376,/data/tse_cue_project/experiments/normal_basic_single_cue_content_diagnostic/similar_content_v2_tts/context/inference_full/est_wav/7176-92135-0022_672-122797-0054__T2__SCV2TTS__672-672-122797-0054__VOICE__7176.wav,/data/tse_cue_project/datasets/Libri2Mix_similar_content_v2_tts/clean/test/wav16k/min/test/s1/7176-92135-0022_672-122797-0054__T2__SCV2TTS__672-672-122797-0054__VOICE__7176.wav,/data/tse_cue_project/datasets/Libri2Mix_similar_content_v2_tts/clean/test/wav16k/min/test/s2/7176-92135-0022_672-122797-0054__T2__SCV2TTS__672-672-122797-0054__VOICE__7176.wav,/data/tse_cue_project/manifests/librimix_similar_content_v2_tts/clean/test/synthetic_interferer/7176-92135-0022_672-122797-0054__T2__SCV2TTS__672-672-122797-0054__VOICE__7176.wav
context,4446-2275-0000_8555-284447-0013__T1__SCV2TTS__4446-4446-2275-0000__VOICE__8555,4446,8555,THE STOP AT QUEENSTOWN THE TEDIOUS PASSAGE UP THE MERSEY WERE THINGS THAT HE NOTED DIMLY THROUGH HIS GROWING IMPATIENCE,-11.481669469732259,absolute_failure_lt0,confirmed_content_drift,0.7272727272727273,0.7272727272727273,1.0,-0.0960715565002829,-0.2755684758606301,0.0,0.0,0.27348345008543423,29.567546727798412,/data/tse_cue_project/experiments/normal_basic_single_cue_content_diagnostic/similar_content_v2_tts/context/inference_full/est_wav/4446-2275-0000_8555-284447-0013__T1__SCV2TTS__4446-4446-2275-0000__VOICE__8555.wav,/data/tse_cue_project/datasets/Libri2Mix_similar_content_v2_tts/clean/test/wav16k/min/test/s1/4446-2275-0000_8555-284447-0013__T1__SCV2TTS__4446-4446-2275-0000__VOICE__8555.wav,/data/tse_cue_project/datasets/Libri2Mix_similar_content_v2_tts/clean/test/wav16k/min/test/s2/4446-2275-0000_8555-284447-0013__T1__SCV2TTS__4446-4446-2275-0000__VOICE__8555.wav,/data/tse_cue_project/manifests/librimix_similar_content_v2_tts/clean/test/synthetic_interferer/4446-2275-0000_8555-284447-0013__T1__SCV2TTS__4446-4446-2275-0000__VOICE__8555.wav
context,4446-2273-0023_6829-68769-0002__T1__SCV2TTS__4446-4446-2273-0023__VOICE__6829,4446,6829,THE STRANGE WOMAN AND HER PASSIONATE SENTENCE THAT RANG OUT SO SHARPLY HAD FRIGHTENED THEM BOTH,-11.379496828498446,absolute_failure_lt0,mixed_content_and_speaker_drift,1.0,1.0,1.0,-0.13580706767122483,-0.2233232215085723,0.2222222222222222,0.0,0.1048584131129455,-15.151797609709998,/data/tse_cue_project/experiments/normal_basic_single_cue_content_diagnostic/similar_content_v2_tts/context/inference_full/est_wav/4446-2273-0023_6829-68769-0002__T1__SCV2TTS__4446-4446-2273-0023__VOICE__6829.wav,/data/tse_cue_project/datasets/Libri2Mix_similar_content_v2_tts/clean/test/wav16k/min/test/s1/4446-2273-0023_6829-68769-0002__T1__SCV2TTS__4446-4446-2273-0023__VOICE__6829.wav,/data/tse_cue_project/datasets/Libri2Mix_similar_content_v2_tts/clean/test/wav16k/min/test/s2/4446-2273-0023_6829-68769-0002__T1__SCV2TTS__4446-4446-2273-0023__VOICE__6829.wav,/data/tse_cue_project/manifests/librimix_similar_content_v2_tts/clean/test/synthetic_interferer/4446-2273-0023_6829-68769-0002__T1__SCV2TTS__4446-4446-2273-0023__VOICE__6829.wav
context,4446-2273-0009_237-126133-0021__T1__SCV2TTS__4446-4446-2273-0009__VOICE__237,4446,237,IT'S NOT PARTICULARLY RARE SHE SAID BUT SOME OF IT WAS MY MOTHER'S,-11.33141968823353,absolute_failure_lt0,confirmed_content_drift,1.0,1.0,1.0,-0.17170422260959528,-0.26042830423204677,0.0,0.0,0.4042152246021101,26.426875959161844,/data/tse_cue_project/experiments/normal_basic_single_cue_content_diagnostic/similar_content_v2_tts/context/inference_full/est_wav/4446-2273-0009_237-126133-0021__T1__SCV2TTS__4446-4446-2273-0009__VOICE__237.wav,/data/tse_cue_project/datasets/Libri2Mix_similar_content_v2_tts/clean/test/wav16k/min/test/s1/4446-2273-0009_237-126133-0021__T1__SCV2TTS__4446-4446-2273-0009__VOICE__237.wav,/data/tse_cue_project/datasets/Libri2Mix_similar_content_v2_tts/clean/test/wav16k/min/test/s2/4446-2273-0009_237-126133-0021__T1__SCV2TTS__4446-4446-2273-0009__VOICE__237.wav,/data/tse_cue_project/manifests/librimix_similar_content_v2_tts/clean/test/synthetic_interferer/4446-2273-0009_237-126133-0021__T1__SCV2TTS__4446-4446-2273-0009__VOICE__237.wav
context,7176-92135-0028_8455-210777-0024__T1__SCV2TTS__7176-7176-92135-0028__VOICE__8455,7176,8455,LARKSPUR BIT ME AGAIN THIS MORNING FOR THE THIRD TIME,-11.266738143665107,absolute_failure_lt0,confirmed_content_drift,0.75,0.75,1.0,-0.15925046508602259,-0.3146536474867705,0.0,0.0,0.43593379936140036,24.307677652281452,/data/tse_cue_project/experiments/normal_basic_single_cue_content_diagnostic/similar_content_v2_tts/context/inference_full/est_wav/7176-92135-0028_8455-210777-0024__T1__SCV2TTS__7176-7176-92135-0028__VOICE__8455.wav,/data/tse_cue_project/datasets/Libri2Mix_similar_content_v2_tts/clean/test/wav16k/min/test/s1/7176-92135-0028_8455-210777-0024__T1__SCV2TTS__7176-7176-92135-0028__VOICE__8455.wav,/data/tse_cue_project/datasets/Libri2Mix_similar_content_v2_tts/clean/test/wav16k/min/test/s2/7176-92135-0028_8455-210777-0024__T1__SCV2TTS__7176-7176-92135-0028__VOICE__8455.wav,/data/tse_cue_project/manifests/librimix_similar_content_v2_tts/clean/test/synthetic_interferer/7176-92135-0028_8455-210777-0024__T1__SCV2TTS__7176-7176-92135-0028__VOICE__8455.wav
context,908-157963-0015_672-122797-0030__T2__SCV2TTS__672-672-122797-0030__VOICE__908,672,908,PERHAPS THE OTHER TREES FROM THE FOREST WILL COME TO LOOK AT ME,-11.231721100330146,absolute_failure_lt0,confirmed_content_drift,1.0,1.0,1.0,-0.13827350430923682,-0.21952162304249512,0.0,0.0,0.36312228701403787,12.325180477479686,/data/tse_cue_project/experiments/normal_basic_single_cue_content_diagnostic/similar_content_v2_tts/context/inference_full/est_wav/908-157963-0015_672-122797-0030__T2__SCV2TTS__672-672-122797-0030__VOICE__908.wav,/data/tse_cue_project/datasets/Libri2Mix_similar_content_v2_tts/clean/test/wav16k/min/test/s1/908-157963-0015_672-122797-0030__T2__SCV2TTS__672-672-122797-0030__VOICE__908.wav,/data/tse_cue_project/datasets/Libri2Mix_similar_content_v2_tts/clean/test/wav16k/min/test/s2/908-157963-0015_672-122797-0030__T2__SCV2TTS__672-672-122797-0030__VOICE__908.wav,/data/tse_cue_project/manifests/librimix_similar_content_v2_tts/clean/test/synthetic_interferer/908-157963-0015_672-122797-0030__T2__SCV2TTS__672-672-122797-0030__VOICE__908.wav
context,1580-141084-0019_3575-170457-0003__T2__SCV2TTS__3575-3575-170457-0003__VOICE__1580,3575,1580,SURELY IT MUST BE BECAUSE WE ARE IN DANGER OF LOVING EACH OTHER TOO WELL OF LOSING SIGHT OF THE CREATOR IN IDOLATRY OF THE CREATURE,-11.20119942753039,absolute_failure_lt0,confirmed_content_drift,1.0,1.0,1.0,-0.1836371740553977,-0.2827439847664155,0.0,0.0,0.32259381794117575,29.309488333531448,/data/tse_cue_project/experiments/normal_basic_single_cue_content_diagnostic/similar_content_v2_tts/context/inference_full/est_wav/1580-141084-0019_3575-170457-0003__T2__SCV2TTS__3575-3575-170457-0003__VOICE__1580.wav,/data/tse_cue_project/datasets/Libri2Mix_similar_content_v2_tts/clean/test/wav16k/min/test/s1/1580-141084-0019_3575-170457-0003__T2__SCV2TTS__3575-3575-170457-0003__VOICE__1580.wav,/data/tse_cue_project/datasets/Libri2Mix_similar_content_v2_tts/clean/test/wav16k/min/test/s2/1580-141084-0019_3575-170457-0003__T2__SCV2TTS__3575-3575-170457-0003__VOICE__1580.wav,/data/tse_cue_project/manifests/librimix_similar_content_v2_tts/clean/test/synthetic_interferer/1580-141084-0019_3575-170457-0003__T2__SCV2TTS__3575-3575-170457-0003__VOICE__1580.wav
context,260-123286-0024_61-70970-0032__T1__SCV2TTS__260-260-123286-0024__VOICE__61,260,61,THERE'S A WHALE A WHALE CRIED THE PROFESSOR,-11.153599216191425,absolute_failure_lt0,confirmed_content_drift,1.0,1.0,1.0,-0.2158278437743508,-0.23623777371463373,0.0,0.0,0.3605533854752625,17.804777769865627,/data/tse_cue_project/experiments/normal_basic_single_cue_content_diagnostic/similar_content_v2_tts/context/inference_full/est_wav/260-123286-0024_61-70970-0032__T1__SCV2TTS__260-260-123286-0024__VOICE__61.wav,/data/tse_cue_project/datasets/Libri2Mix_similar_content_v2_tts/clean/test/wav16k/min/test/s1/260-123286-0024_61-70970-0032__T1__SCV2TTS__260-260-123286-0024__VOICE__61.wav,/data/tse_cue_project/datasets/Libri2Mix_similar_content_v2_tts/clean/test/wav16k/min/test/s2/260-123286-0024_61-70970-0032__T1__SCV2TTS__260-260-123286-0024__VOICE__61.wav,/data/tse_cue_project/manifests/librimix_similar_content_v2_tts/clean/test/synthetic_interferer/260-123286-0024_61-70970-0032__T1__SCV2TTS__260-260-123286-0024__VOICE__61.wav
context,237-134500-0010_672-122797-0047__T2__SCV2TTS__672-672-122797-0047__VOICE__237,672,237,HOW KIND MAN IS AFTER ALL,-11.089001221144835,absolute_failure_lt0,ordinary_separation_failure_or_unattributed,0.0,0.0,1.0,0.05923769027413733,0.05923769027413733,0.0,nan,0.2151700769746936,0.15335862055920046,/data/tse_cue_project/experiments/normal_basic_single_cue_content_diagnostic/similar_content_v2_tts/context/inference_full/est_wav/237-134500-0010_672-122797-0047__T2__SCV2TTS__672-672-122797-0047__VOICE__237.wav,/data/tse_cue_project/datasets/Libri2Mix_similar_content_v2_tts/clean/test/wav16k/min/test/s1/237-134500-0010_672-122797-0047__T2__SCV2TTS__672-672-122797-0047__VOICE__237.wav,/data/tse_cue_project/datasets/Libri2Mix_similar_content_v2_tts/clean/test/wav16k/min/test/s2/237-134500-0010_672-122797-0047__T2__SCV2TTS__672-672-122797-0047__VOICE__237.wav,/data/tse_cue_project/manifests/librimix_similar_content_v2_tts/clean/test/synthetic_interferer/237-134500-0010_672-122797-0047__T2__SCV2TTS__672-672-122797-0047__VOICE__237.wav
context,4970-29095-0029_5142-33396-0002__T1__SCV2TTS__4970-4970-29095-0029__VOICE__5142,4970,5142,IS HE GOING TO START A DAILY NEWSPAPER AMONG THE KICK A POOS,-11.060868658744456,absolute_failure_lt0,confirmed_content_drift,1.0,1.0,1.0,-0.07905207939471989,-0.14752838860471418,0.0,0.0,0.28640004989997525,19.13533682922008,/data/tse_cue_project/experiments/normal_basic_single_cue_content_diagnostic/similar_content_v2_tts/context/inference_full/est_wav/4970-29095-0029_5142-33396-0002__T1__SCV2TTS__4970-4970-29095-0029__VOICE__5142.wav,/data/tse_cue_project/datasets/Libri2Mix_similar_content_v2_tts/clean/test/wav16k/min/test/s1/4970-29095-0029_5142-33396-0002__T1__SCV2TTS__4970-4970-29095-0029__VOICE__5142.wav,/data/tse_cue_project/datasets/Libri2Mix_similar_content_v2_tts/clean/test/wav16k/min/test/s2/4970-29095-0029_5142-33396-0002__T1__SCV2TTS__4970-4970-29095-0029__VOICE__5142.wav,/data/tse_cue_project/manifests/librimix_similar_content_v2_tts/clean/test/synthetic_interferer/4970-29095-0029_5142-33396-0002__T1__SCV2TTS__4970-4970-29095-0029__VOICE__5142.wav
context,121-121726-0004_6930-81414-0003__T1__SCV2TTS__121-121-121726-0004__VOICE__6930,121,6930,HEAVEN A GOOD PLACE TO BE RAISED TO,-11.045695000456293,absolute_failure_lt0,confirmed_content_drift,1.0,1.0,1.0,-0.21889368933866443,-0.34577059597584203,0.0,nan,0.19746958441973944,20.16530743425394,/data/tse_cue_project/experiments/normal_basic_single_cue_content_diagnostic/similar_content_v2_tts/context/inference_full/est_wav/121-121726-0004_6930-81414-0003__T1__SCV2TTS__121-121-121726-0004__VOICE__6930.wav,/data/tse_cue_project/datasets/Libri2Mix_similar_content_v2_tts/clean/test/wav16k/min/test/s1/121-121726-0004_6930-81414-0003__T1__SCV2TTS__121-121-121726-0004__VOICE__6930.wav,/data/tse_cue_project/datasets/Libri2Mix_similar_content_v2_tts/clean/test/wav16k/min/test/s2/121-121726-0004_6930-81414-0003__T1__SCV2TTS__121-121-121726-0004__VOICE__6930.wav,/data/tse_cue_project/manifests/librimix_similar_content_v2_tts/clean/test/synthetic_interferer/121-121726-0004_6930-81414-0003__T1__SCV2TTS__121-121-121726-0004__VOICE__6930.wav
context,672-122797-0006_4077-13751-0002__T1__SCV2TTS__672-672-122797-0006__VOICE__4077,672,4077,TO GROW AND GROW TO GET OLDER AND BE TALL THOUGHT THE TREE THAT AFTER ALL IS THE MOST DELIGHTFUL THING IN THE WORLD,-11.001920099864423,absolute_failure_lt0,confirmed_content_drift,0.9285714285714286,0.9285714285714286,1.0,-0.27509356715569194,-0.5718289201334747,0.0,0.0,0.381972048345335,15.475005148426437,/data/tse_cue_project/experiments/normal_basic_single_cue_content_diagnostic/similar_content_v2_tts/context/inference_full/est_wav/672-122797-0006_4077-13751-0002__T1__SCV2TTS__672-672-122797-0006__VOICE__4077.wav,/data/tse_cue_project/datasets/Libri2Mix_similar_content_v2_tts/clean/test/wav16k/min/test/s1/672-122797-0006_4077-13751-0002__T1__SCV2TTS__672-672-122797-0006__VOICE__4077.wav,/data/tse_cue_project/datasets/Libri2Mix_similar_content_v2_tts/clean/test/wav16k/min/test/s2/672-122797-0006_4077-13751-0002__T1__SCV2TTS__672-672-122797-0006__VOICE__4077.wav,/data/tse_cue_project/manifests/librimix_similar_content_v2_tts/clean/test/synthetic_interferer/672-122797-0006_4077-13751-0002__T1__SCV2TTS__672-672-122797-0006__VOICE__4077.wav
context,260-123440-0012_61-70968-0015__T1__SCV2TTS__260-260-123440-0012__VOICE__61,260,61,IT'LL BE NO USE THEIR PUTTING THEIR HEADS DOWN AND SAYING COME UP AGAIN DEAR,-10.976478354260445,absolute_failure_lt0,confirmed_content_drift,1.0,1.0,1.0,-0.27924685661724014,-0.36857178372538607,0.0,0.0,0.33073905126993147,24.472221030976296,/data/tse_cue_project/experiments/normal_basic_single_cue_content_diagnostic/similar_content_v2_tts/context/inference_full/est_wav/260-123440-0012_61-70968-0015__T1__SCV2TTS__260-260-123440-0012__VOICE__61.wav,/data/tse_cue_project/datasets/Libri2Mix_similar_content_v2_tts/clean/test/wav16k/min/test/s1/260-123440-0012_61-70968-0015__T1__SCV2TTS__260-260-123440-0012__VOICE__61.wav,/data/tse_cue_project/datasets/Libri2Mix_similar_content_v2_tts/clean/test/wav16k/min/test/s2/260-123440-0012_61-70968-0015__T1__SCV2TTS__260-260-123440-0012__VOICE__61.wav,/data/tse_cue_project/manifests/librimix_similar_content_v2_tts/clean/test/synthetic_interferer/260-123440-0012_61-70968-0015__T1__SCV2TTS__260-260-123440-0012__VOICE__61.wav
context,2094-142345-0032_672-122797-0046__T2__SCV2TTS__672-672-122797-0046__VOICE__2094,672,2094,TIS NOW WINTER OUT OF DOORS THOUGHT THE TREE,-10.950901653783344,absolute_failure_lt0,confirmed_content_drift,0.5,0.5,1.0,0.030507786136406145,-0.03772373392652495,0.0,nan,0.2959011882967971,16.808402272986317,/data/tse_cue_project/experiments/normal_basic_single_cue_content_diagnostic/similar_content_v2_tts/context/inference_full/est_wav/2094-142345-0032_672-122797-0046__T2__SCV2TTS__672-672-122797-0046__VOICE__2094.wav,/data/tse_cue_project/datasets/Libri2Mix_similar_content_v2_tts/clean/test/wav16k/min/test/s1/2094-142345-0032_672-122797-0046__T2__SCV2TTS__672-672-122797-0046__VOICE__2094.wav,/data/tse_cue_project/datasets/Libri2Mix_similar_content_v2_tts/clean/test/wav16k/min/test/s2/2094-142345-0032_672-122797-0046__T2__SCV2TTS__672-672-122797-0046__VOICE__2094.wav,/data/tse_cue_project/manifests/librimix_similar_content_v2_tts/clean/test/synthetic_interferer/2094-142345-0032_672-122797-0046__T2__SCV2TTS__672-672-122797-0046__VOICE__2094.wav
context,1320-122617-0030_8455-210777-0056__T2__SCV2TTS__8455-8455-210777-0056__VOICE__1320,8455,1320,THE PECULIAR CIRCUMSTANCES OF THE COLONY ARE WITHIN YOUR EXCELLENCY'S KNOWLEDGE,-10.90196853405095,absolute_failure_lt0,confirmed_content_drift,1.0,1.0,1.0,-0.30507853907278526,-0.35185970910754666,0.0,0.0,0.36451838611520215,9.295376758131795,/data/tse_cue_project/experiments/normal_basic_single_cue_content_diagnostic/similar_content_v2_tts/context/inference_full/est_wav/1320-122617-0030_8455-210777-0056__T2__SCV2TTS__8455-8455-210777-0056__VOICE__1320.wav,/data/tse_cue_project/datasets/Libri2Mix_similar_content_v2_tts/clean/test/wav16k/min/test/s1/1320-122617-0030_8455-210777-0056__T2__SCV2TTS__8455-8455-210777-0056__VOICE__1320.wav,/data/tse_cue_project/datasets/Libri2Mix_similar_content_v2_tts/clean/test/wav16k/min/test/s2/1320-122617-0030_8455-210777-0056__T2__SCV2TTS__8455-8455-210777-0056__VOICE__1320.wav,/data/tse_cue_project/manifests/librimix_similar_content_v2_tts/clean/test/synthetic_interferer/1320-122617-0030_8455-210777-0056__T2__SCV2TTS__8455-8455-210777-0056__VOICE__1320.wav
context,8455-210777-0045_260-123286-0011__T2__SCV2TTS__260-260-123286-0011__VOICE__8455,260,8455,NOTHING NEW WEATHER UNCHANGED THE WIND FRESHENS,-10.889234519390895,absolute_failure_lt0,confirmed_content_drift,1.0,1.0,1.0,-0.21159635184893377,-0.30439819110984256,0.0,0.0,0.28654266817483715,15.30356056373393,/data/tse_cue_project/experiments/normal_basic_single_cue_content_diagnostic/similar_content_v2_tts/context/inference_full/est_wav/8455-210777-0045_260-123286-0011__T2__SCV2TTS__260-260-123286-0011__VOICE__8455.wav,/data/tse_cue_project/datasets/Libri2Mix_similar_content_v2_tts/clean/test/wav16k/min/test/s1/8455-210777-0045_260-123286-0011__T2__SCV2TTS__260-260-123286-0011__VOICE__8455.wav,/data/tse_cue_project/datasets/Libri2Mix_similar_content_v2_tts/clean/test/wav16k/min/test/s2/8455-210777-0045_260-123286-0011__T2__SCV2TTS__260-260-123286-0011__VOICE__8455.wav,/data/tse_cue_project/manifests/librimix_similar_content_v2_tts/clean/test/synthetic_interferer/8455-210777-0045_260-123286-0011__T2__SCV2TTS__260-260-123286-0011__VOICE__8455.wav
context,8463-287645-0013_4992-23283-0019__T2__SCV2TTS__4992-4992-23283-0019__VOICE__8463,4992,8463,I WILL MAKE NO UNJUST USE OF WHAT I KNOW HE REPLIED WITH FIRMNESS I BELIEVE YOU MY LORD,-10.85719833117818,absolute_failure_lt0,confirmed_content_drift,0.875,0.875,1.0,-0.18046168397920237,-0.31177144383607547,0.0,0.0,0.20336509342556097,23.0236644435636,/data/tse_cue_project/experiments/normal_basic_single_cue_content_diagnostic/similar_content_v2_tts/context/inference_full/est_wav/8463-287645-0013_4992-23283-0019__T2__SCV2TTS__4992-4992-23283-0019__VOICE__8463.wav,/data/tse_cue_project/datasets/Libri2Mix_similar_content_v2_tts/clean/test/wav16k/min/test/s1/8463-287645-0013_4992-23283-0019__T2__SCV2TTS__4992-4992-23283-0019__VOICE__8463.wav,/data/tse_cue_project/datasets/Libri2Mix_similar_content_v2_tts/clean/test/wav16k/min/test/s2/8463-287645-0013_4992-23283-0019__T2__SCV2TTS__4992-4992-23283-0019__VOICE__8463.wav,/data/tse_cue_project/manifests/librimix_similar_content_v2_tts/clean/test/synthetic_interferer/8463-287645-0013_4992-23283-0019__T2__SCV2TTS__4992-4992-23283-0019__VOICE__8463.wav
context,1580-141083-0029_237-134500-0031__T2__SCV2TTS__237-237-134500-0031__VOICE__1580,237,1580,SOMETIMES I DON'T WANT TO DO ANYTHING AT ALL AND SOMETIMES I WANT TO PULL THE FOUR CORNERS OF THE DIVIDE TOGETHER HE THREW OUT HIS ARM AND BROUGHT IT BACK WITH A JERK SO LIKE A TABLE CLOTH,-10.722036554177963,absolute_failure_lt0,confirmed_content_drift,0.9411764705882353,0.9411764705882353,1.0,-0.26340665542146713,-0.4513623829093612,0.0,0.0,0.2516079595010191,23.168586396269216,/data/tse_cue_project/experiments/normal_basic_single_cue_content_diagnostic/similar_content_v2_tts/context/inference_full/est_wav/1580-141083-0029_237-134500-0031__T2__SCV2TTS__237-237-134500-0031__VOICE__1580.wav,/data/tse_cue_project/datasets/Libri2Mix_similar_content_v2_tts/clean/test/wav16k/min/test/s1/1580-141083-0029_237-134500-0031__T2__SCV2TTS__237-237-134500-0031__VOICE__1580.wav,/data/tse_cue_project/datasets/Libri2Mix_similar_content_v2_tts/clean/test/wav16k/min/test/s2/1580-141083-0029_237-134500-0031__T2__SCV2TTS__237-237-134500-0031__VOICE__1580.wav,/data/tse_cue_project/manifests/librimix_similar_content_v2_tts/clean/test/synthetic_interferer/1580-141083-0029_237-134500-0031__T2__SCV2TTS__237-237-134500-0031__VOICE__1580.wav
context,672-122797-0029_4446-2273-0001__T1__SCV2TTS__672-672-122797-0029__VOICE__4446,672,4446,HOW IT WILL SHINE THIS EVENING,-10.710474302385846,absolute_failure_lt0,ordinary_separation_failure_or_unattributed,0.0,0.0,1.0,0.03535904883643315,0.03535904883643315,0.0,nan,0.2061619542232444,20.037294269760178,/data/tse_cue_project/experiments/normal_basic_single_cue_content_diagnostic/similar_content_v2_tts/context/inference_full/est_wav/672-122797-0029_4446-2273-0001__T1__SCV2TTS__672-672-122797-0029__VOICE__4446.wav,/data/tse_cue_project/datasets/Libri2Mix_similar_content_v2_tts/clean/test/wav16k/min/test/s1/672-122797-0029_4446-2273-0001__T1__SCV2TTS__672-672-122797-0029__VOICE__4446.wav,/data/tse_cue_project/datasets/Libri2Mix_similar_content_v2_tts/clean/test/wav16k/min/test/s2/672-122797-0029_4446-2273-0001__T1__SCV2TTS__672-672-122797-0029__VOICE__4446.wav,/data/tse_cue_project/manifests/librimix_similar_content_v2_tts/clean/test/synthetic_interferer/672-122797-0029_4446-2273-0001__T1__SCV2TTS__672-672-122797-0029__VOICE__4446.wav
context,7176-92135-0013_672-122797-0059__T2__SCV2TTS__672-672-122797-0059__VOICE__7176,672,7176,ONLY THAT ONE ANSWERED THE TREE,-10.614272984907554,absolute_failure_lt0,confirmed_content_drift,0.5,0.5,1.0,-0.08078017515716251,-0.21309059432140964,0.0,nan,0.20004905918983668,17.339720343098577,/data/tse_cue_project/experiments/normal_basic_single_cue_content_diagnostic/similar_content_v2_tts/context/inference_full/est_wav/7176-92135-0013_672-122797-0059__T2__SCV2TTS__672-672-122797-0059__VOICE__7176.wav,/data/tse_cue_project/datasets/Libri2Mix_similar_content_v2_tts/clean/test/wav16k/min/test/s1/7176-92135-0013_672-122797-0059__T2__SCV2TTS__672-672-122797-0059__VOICE__7176.wav,/data/tse_cue_project/datasets/Libri2Mix_similar_content_v2_tts/clean/test/wav16k/min/test/s2/7176-92135-0013_672-122797-0059__T2__SCV2TTS__672-672-122797-0059__VOICE__7176.wav,/data/tse_cue_project/manifests/librimix_similar_content_v2_tts/clean/test/synthetic_interferer/7176-92135-0013_672-122797-0059__T2__SCV2TTS__672-672-122797-0059__VOICE__7176.wav
context,8555-284449-0001_4446-2275-0041__T2__SCV2TTS__4446-4446-2275-0041__VOICE__8555,4446,8555,YOU SEE LOVING SOME ONE AS I LOVE YOU MAKES THE WHOLE WORLD DIFFERENT,-10.568572351023914,absolute_failure_lt0,confirmed_content_drift,0.6666666666666666,0.6666666666666666,1.0,-0.08206103190351714,-0.22880565125123975,0.0,0.0,0.2567067232992191,14.546031463256895,/data/tse_cue_project/experiments/normal_basic_single_cue_content_diagnostic/similar_content_v2_tts/context/inference_full/est_wav/8555-284449-0001_4446-2275-0041__T2__SCV2TTS__4446-4446-2275-0041__VOICE__8555.wav,/data/tse_cue_project/datasets/Libri2Mix_similar_content_v2_tts/clean/test/wav16k/min/test/s1/8555-284449-0001_4446-2275-0041__T2__SCV2TTS__4446-4446-2275-0041__VOICE__8555.wav,/data/tse_cue_project/datasets/Libri2Mix_similar_content_v2_tts/clean/test/wav16k/min/test/s2/8555-284449-0001_4446-2275-0041__T2__SCV2TTS__4446-4446-2275-0041__VOICE__8555.wav,/data/tse_cue_project/manifests/librimix_similar_content_v2_tts/clean/test/synthetic_interferer/8555-284449-0001_4446-2275-0041__T2__SCV2TTS__4446-4446-2275-0041__VOICE__8555.wav
context,1995-1837-0011_4446-2275-0013__T2__SCV2TTS__4446-4446-2275-0013__VOICE__1995,4446,1995,I'LL DO ANYTHING YOU WISH ME TO BARTLEY SHE SAID TREMULOUSLY,-10.53286463834367,absolute_failure_lt0,confirmed_content_drift,1.0,1.0,1.0,-0.09197645350485806,-0.17207031825711916,0.0,0.0,0.19824846376528338,15.796416001497033,/data/tse_cue_project/experiments/normal_basic_single_cue_content_diagnostic/similar_content_v2_tts/context/inference_full/est_wav/1995-1837-0011_4446-2275-0013__T2__SCV2TTS__4446-4446-2275-0013__VOICE__1995.wav,/data/tse_cue_project/datasets/Libri2Mix_similar_content_v2_tts/clean/test/wav16k/min/test/s1/1995-1837-0011_4446-2275-0013__T2__SCV2TTS__4446-4446-2275-0013__VOICE__1995.wav,/data/tse_cue_project/datasets/Libri2Mix_similar_content_v2_tts/clean/test/wav16k/min/test/s2/1995-1837-0011_4446-2275-0013__T2__SCV2TTS__4446-4446-2275-0013__VOICE__1995.wav,/data/tse_cue_project/manifests/librimix_similar_content_v2_tts/clean/test/synthetic_interferer/1995-1837-0011_4446-2275-0013__T2__SCV2TTS__4446-4446-2275-0013__VOICE__1995.wav
context,672-122797-0029_6829-68769-0026__T1__SCV2TTS__672-672-122797-0029__VOICE__6829,672,6829,HOW IT WILL SHINE THIS EVENING,-10.509268945248676,absolute_failure_lt0,mixed_content_and_speaker_drift,1.0,1.0,1.0,-0.09654216494389672,-0.10105327007909215,0.5,nan,0.05762627815332348,-1.7130386210254762,/data/tse_cue_project/experiments/normal_basic_single_cue_content_diagnostic/similar_content_v2_tts/context/inference_full/est_wav/672-122797-0029_6829-68769-0026__T1__SCV2TTS__672-672-122797-0029__VOICE__6829.wav,/data/tse_cue_project/datasets/Libri2Mix_similar_content_v2_tts/clean/test/wav16k/min/test/s1/672-122797-0029_6829-68769-0026__T1__SCV2TTS__672-672-122797-0029__VOICE__6829.wav,/data/tse_cue_project/datasets/Libri2Mix_similar_content_v2_tts/clean/test/wav16k/min/test/s2/672-122797-0029_6829-68769-0026__T1__SCV2TTS__672-672-122797-0029__VOICE__6829.wav,/data/tse_cue_project/manifests/librimix_similar_content_v2_tts/clean/test/synthetic_interferer/672-122797-0029_6829-68769-0026__T1__SCV2TTS__672-672-122797-0029__VOICE__6829.wav
context,3575-170457-0048_1580-141084-0033__T1__SCV2TTS__3575-3575-170457-0048__VOICE__1580,3575,1580,HE REFUSED AT FIRST TO LISTEN TO THE CAREFUL ADVICE IT WAS REPUGNANT TO HIS LIBERAL NATURE,-10.416792828350712,absolute_failure_lt0,confirmed_content_drift,1.0,1.0,1.0,-0.160297497506624,-0.2738807655337112,0.0,0.0,0.38604165891246106,20.806580521959155,/data/tse_cue_project/experiments/normal_basic_single_cue_content_diagnostic/similar_content_v2_tts/context/inference_full/est_wav/3575-170457-0048_1580-141084-0033__T1__SCV2TTS__3575-3575-170457-0048__VOICE__1580.wav,/data/tse_cue_project/datasets/Libri2Mix_similar_content_v2_tts/clean/test/wav16k/min/test/s1/3575-170457-0048_1580-141084-0033__T1__SCV2TTS__3575-3575-170457-0048__VOICE__1580.wav,/data/tse_cue_project/datasets/Libri2Mix_similar_content_v2_tts/clean/test/wav16k/min/test/s2/3575-170457-0048_1580-141084-0033__T1__SCV2TTS__3575-3575-170457-0048__VOICE__1580.wav,/data/tse_cue_project/manifests/librimix_similar_content_v2_tts/clean/test/synthetic_interferer/3575-170457-0048_1580-141084-0033__T1__SCV2TTS__3575-3575-170457-0048__VOICE__1580.wav
context,4446-2273-0019_8555-284447-0022__T1__SCV2TTS__4446-4446-2273-0019__VOICE__8555,4446,8555,COME WE'LL HAVE OUR COFFEE IN THE OTHER ROOM AND YOU CAN SMOKE,-10.416300015807161,absolute_failure_lt0,confirmed_content_drift,0.8,0.8,1.0,-0.04537871077517934,-0.17621756297878988,0.0,0.0,0.33651028029735064,17.71651910883889,/data/tse_cue_project/experiments/normal_basic_single_cue_content_diagnostic/similar_content_v2_tts/context/inference_full/est_wav/4446-2273-0019_8555-284447-0022__T1__SCV2TTS__4446-4446-2273-0019__VOICE__8555.wav,/data/tse_cue_project/datasets/Libri2Mix_similar_content_v2_tts/clean/test/wav16k/min/test/s1/4446-2273-0019_8555-284447-0022__T1__SCV2TTS__4446-4446-2273-0019__VOICE__8555.wav,/data/tse_cue_project/datasets/Libri2Mix_similar_content_v2_tts/clean/test/wav16k/min/test/s2/4446-2273-0019_8555-284447-0022__T1__SCV2TTS__4446-4446-2273-0019__VOICE__8555.wav,/data/tse_cue_project/manifests/librimix_similar_content_v2_tts/clean/test/synthetic_interferer/4446-2273-0019_8555-284447-0022__T1__SCV2TTS__4446-4446-2273-0019__VOICE__8555.wav
context,260-123440-0007_1320-122612-0005__T1__SCV2TTS__260-260-123440-0007__VOICE__1320,260,1320,I ALMOST THINK I CAN REMEMBER FEELING A LITTLE DIFFERENT,-10.401677176373296,absolute_failure_lt0,confirmed_content_drift,1.0,1.0,1.0,-0.15771477731026384,-0.16393523344310812,0.0,nan,0.4500842593159392,19.22276560573179,/data/tse_cue_project/experiments/normal_basic_single_cue_content_diagnostic/similar_content_v2_tts/context/inference_full/est_wav/260-123440-0007_1320-122612-0005__T1__SCV2TTS__260-260-123440-0007__VOICE__1320.wav,/data/tse_cue_project/datasets/Libri2Mix_similar_content_v2_tts/clean/test/wav16k/min/test/s1/260-123440-0007_1320-122612-0005__T1__SCV2TTS__260-260-123440-0007__VOICE__1320.wav,/data/tse_cue_project/datasets/Libri2Mix_similar_content_v2_tts/clean/test/wav16k/min/test/s2/260-123440-0007_1320-122612-0005__T1__SCV2TTS__260-260-123440-0007__VOICE__1320.wav,/data/tse_cue_project/manifests/librimix_similar_content_v2_tts/clean/test/synthetic_interferer/260-123440-0007_1320-122612-0005__T1__SCV2TTS__260-260-123440-0007__VOICE__1320.wav
context,3570-5694-0020_4446-2273-0000__T2__SCV2TTS__4446-4446-2273-0000__VOICE__3570,4446,3570,HILDA WAS VERY NICE TO HIM AND HE SAT ON THE EDGE OF HIS CHAIR FLUSHED WITH HIS CONVERSATIONAL EFFORTS AND MOVING HIS CHIN ABOUT NERVOUSLY OVER HIS HIGH COLLAR,-10.315070985666548,absolute_failure_lt0,mixed_content_and_speaker_drift,0.9333333333333333,0.9333333333333333,1.0,-0.13459494181545922,-0.27132011797925737,0.26666666666666666,0.0,0.09402915926424989,21.49460933398137,/data/tse_cue_project/experiments/normal_basic_single_cue_content_diagnostic/similar_content_v2_tts/context/inference_full/est_wav/3570-5694-0020_4446-2273-0000__T2__SCV2TTS__4446-4446-2273-0000__VOICE__3570.wav,/data/tse_cue_project/datasets/Libri2Mix_similar_content_v2_tts/clean/test/wav16k/min/test/s1/3570-5694-0020_4446-2273-0000__T2__SCV2TTS__4446-4446-2273-0000__VOICE__3570.wav,/data/tse_cue_project/datasets/Libri2Mix_similar_content_v2_tts/clean/test/wav16k/min/test/s2/3570-5694-0020_4446-2273-0000__T2__SCV2TTS__4446-4446-2273-0000__VOICE__3570.wav,/data/tse_cue_project/manifests/librimix_similar_content_v2_tts/clean/test/synthetic_interferer/3570-5694-0020_4446-2273-0000__T2__SCV2TTS__4446-4446-2273-0000__VOICE__3570.wav
context,8455-210777-0065_1320-122617-0022__T1__SCV2TTS__8455-8455-210777-0065__VOICE__1320,8455,1320,I SHALL BE HAPPY TO TAKE CHARGE OF THEM SAID SIR FERDINANDO,-10.258464752749246,absolute_failure_lt0,confirmed_content_drift,1.0,1.0,1.0,-0.15106124080665112,-0.19976409716526333,0.0,nan,0.27168114685052247,17.86281624734183,/data/tse_cue_project/experiments/normal_basic_single_cue_content_diagnostic/similar_content_v2_tts/context/inference_full/est_wav/8455-210777-0065_1320-122617-0022__T1__SCV2TTS__8455-8455-210777-0065__VOICE__1320.wav,/data/tse_cue_project/datasets/Libri2Mix_similar_content_v2_tts/clean/test/wav16k/min/test/s1/8455-210777-0065_1320-122617-0022__T1__SCV2TTS__8455-8455-210777-0065__VOICE__1320.wav,/data/tse_cue_project/datasets/Libri2Mix_similar_content_v2_tts/clean/test/wav16k/min/test/s2/8455-210777-0065_1320-122617-0022__T1__SCV2TTS__8455-8455-210777-0065__VOICE__1320.wav,/data/tse_cue_project/manifests/librimix_similar_content_v2_tts/clean/test/synthetic_interferer/8455-210777-0065_1320-122617-0022__T1__SCV2TTS__8455-8455-210777-0065__VOICE__1320.wav
